chemin,largeur,hauteur,n_vehicules,boite,score,classe,fraction_cadre
dl/data/leboncoin-private/annot/img/0006.jpg,450,800,2,"[74.29936981201172, 106.82412719726562, 449.4457092285156, 696.04736328125]",0.9426704049110413,car,0.6140137225445923
dl/data/leboncoin-private/annot/img/0007.jpg,685,800,6,"[18.805532455444336, 31.861919403076172, 651.05419921875, 560.7944946289062]",0.9952772855758667,car,0.6102498457923594
dl/data/leboncoin-private/annot/img/0008.jpg,800,600,5,"[0.0, 149.52099609375, 800.0, 596.7650756835938]",0.9941282272338867,car,0.7454067993164063
dl/data/leboncoin-private/annot/img/0013.jpg,450,800,2,"[29.276674270629883, 131.89971923828125, 411.90252685546875, 506.8231506347656]",0.5596813559532166,truck,0.39848721553364774
dl/data/leboncoin-private/annot/img/0014.jpg,600,800,1,"[0.0, 101.68701934814453, 600.0, 789.298828125]",0.9579006433486938,truck,0.8595147609710694
dl/data/leboncoin-private/annot/img/0016.jpg,800,600,1,"[46.434471130371094, 25.044090270996094, 721.5685424804688, 549.0028076171875]",0.997943103313446,car,0.7369632959610609
dl/data/leboncoin-private/annot/img/0019.jpg,600,800,1,"[0.0, 0.0, 599.8551025390625, 787.503173828125]",0.7395849823951721,car,0.9841412439302231
dl/data/leboncoin-private/annot/img/0020.jpg,600,800,1,"[0.0, 4.2483673095703125, 593.154052734375, 691.8474731445312]",0.9371102452278137,car,0.849692075588624
dl/data/leboncoin-private/annot/img/0021.jpg,800,800,4,"[13.78192138671875, 112.99154663085938, 693.4129028320312, 711.819580078125]",0.9970765113830566,car,0.6359095063886431
dl/data/leboncoin-private/annot/img/0022.jpg,600,800,2,"[7.455848693847656, 107.63630676269531, 416.94635009765625, 680.9170532226562]",0.9629483222961426,car,0.4890687923188314
dl/data/leboncoin-private/annot/img/0025.jpg,600,800,2,"[15.456619262695312, 167.9106903076172, 573.7816772460938, 634.877197265625]",0.9192852973937988,car,0.5431647959867391
dl/data/leboncoin-private/annot/img/0028.jpg,600,800,6,"[23.577438354492188, 216.88233947753906, 533.27978515625, 584.9431762695312]",0.9839584827423096,car,0.39083640058061914
dl/data/leboncoin-private/annot/img/0031.jpg,800,656,7,"[0.0, 3.629565954208374, 800.0, 631.6260986328125]",0.9967159032821655,car,0.9573117876198234
dl/data/leboncoin-private/annot/img/0032.jpg,600,800,1,"[12.804588317871094, 303.0711975097656, 599.119384765625, 729.775146484375]",0.9804153442382812,car,0.5212142478885434
dl/data/leboncoin-private/annot/img/0034.jpg,601,800,7,"[1.7563174962997437, 317.7154235839844, 515.1610717773438, 726.77099609375]",0.9966151118278503,car,0.436795082553386
dl/data/leboncoin-private/annot/img/0035.jpg,600,800,1,"[32.72296142578125, 344.70477294921875, 526.6101684570312, 750.8167724609375]",0.9831581115722656,car,0.41786150245983156
dl/data/leboncoin-private/annot/img/0037.jpg,1024,575,2,"[141.66139221191406, 4.977139472961426, 1006.9627075195312, 569.685791015625]",0.5276262164115906,truck,0.8298966354372582
dl/data/leboncoin-private/annot/img/0038.jpg,1024,768,10,"[8.71939468383789, 81.58544921875, 918.088623046875, 510.7124938964844]",0.999030590057373,car,0.4962093728234633
dl/data/leboncoin-private/annot/img/0040.jpg,1024,461,7,"[86.72425842285156, 0.0, 889.8029174804688, 453.5806884765625]",0.9874623417854309,car,0.7716347170641875
dl/data/leboncoin-private/annot/img/0042.jpg,602,800,10,"[83.59701538085938, 75.61609649658203, 579.46826171875, 511.60565185546875]",0.9991114735603333,car,0.44890922800272826
dl/data/leboncoin-private/annot/img/0043.jpg,600,800,3,"[13.023948669433594, 99.20553588867188, 600.0, 711.8636474609375]",0.9471197128295898,truck,0.749199248221521
dl/data/leboncoin-private/annot/img/0046.jpg,788,800,1,"[30.430091857910156, 82.97314453125, 766.32763671875, 709.4908447265625]",0.9734116196632385,car,0.7313655415380556
dl/data/leboncoin-private/annot/img/0047.jpg,800,600,2,"[0.0, 108.27513885498047, 767.5159301757812, 502.6929931640625]",0.7880475521087646,truck,0.6306708048499393
dl/data/leboncoin-private/annot/img/0048.jpg,1024,461,2,"[7.139628887176514, 87.72063446044922, 806.6594848632812, 457.5277099609375]",0.9960628151893616,truck,0.6263305393825729
dl/data/leboncoin-private/annot/img/0049.jpg,1024,768,1,"[145.7974090576172, 99.28959655761719, 1024.0, 738.5750122070312]",0.998530387878418,car,0.7138851272265034
dl/data/leboncoin-private/annot/img/0051.jpg,450,800,2,"[70.4065170288086, 270.0633239746094, 450.0, 594.8551635742188]",0.9976577758789062,car,0.3424690712062118
dl/data/leboncoin-private/annot/img/0052.jpg,600,800,4,"[3.2063140869140625, 94.57347869873047, 495.07177734375, 764.3748779296875]",0.9968199729919434,car,0.6863586990058574
dl/data/leboncoin-private/annot/img/0054.jpg,1024,768,1,"[94.71752166748047, 152.15924072265625, 911.2627563476562, 598.33544921875]",0.9992050528526306,car,0.46326072295526366
dl/data/leboncoin-private/annot/img/0055.jpg,600,800,8,"[0.0, 217.3853302001953, 600.0, 702.008056640625]",0.9970597624778748,car,0.6057784080505371
dl/data/leboncoin-private/annot/img/0056.jpg,600,800,1,"[153.48800659179688, 160.6599884033203, 600.0, 797.93701171875]",0.9649381637573242,car,0.5928163209037884
dl/data/leboncoin-private/annot/img/0057.jpg,800,641,1,"[48.511940002441406, 0.0, 769.8073120117188, 631.9327392578125]",0.9270674586296082,truck,0.8888653670979046
dl/data/leboncoin-private/annot/img/0059.jpg,1024,768,2,"[90.58413696289062, 132.1331787109375, 953.84375, 679.9925537109375]",0.9946746826171875,car,0.6013805034144752
dl/data/leboncoin-private/annot/img/0060.jpg,1024,768,2,"[61.77415466308594, 187.67190551757812, 868.9871215820312, 617.8560791015625]",0.9924490451812744,car,0.44155151758868233
dl/data/leboncoin-private/annot/img/0066.jpg,800,510,1,"[26.166851043701172, 67.25140380859375, 774.7970581054688, 473.4103698730469]",0.9981108903884888,car,0.7452521344726102
dl/data/leboncoin-private/annot/img/0067.jpg,600,800,13,"[5.160758972167969, 101.02275848388672, 593.5689697265625, 794.658935546875]",0.9969456791877747,car,0.8502942122086486
dl/data/leboncoin-private/annot/img/0068.jpg,1024,768,3,"[7.846153736114502, 106.1053695678711, 1023.1829223632812, 762.7009887695312]",0.9608927369117737,car,0.8477092416063529
dl/data/leboncoin-private/annot/img/0072.jpg,872,800,1,"[0.0, 206.94772338867188, 872.0, 769.2149658203125]",0.9956978559494019,car,0.7028340530395508
dl/data/leboncoin-private/annot/img/0076.jpg,1024,576,3,"[6.649849891662598, 122.4735336303711, 790.9262084960938, 563.563232421875]",0.9978748559951782,car,0.5865075391746114
dl/data/leboncoin-private/annot/img/0077.jpg,450,800,1,"[49.883907318115234, 196.42665100097656, 447.5188903808594, 554.9030151367188]",0.9982847571372986,car,0.3959520638375276
dl/data/leboncoin-private/annot/img/0078.jpg,1024,768,1,"[83.64686584472656, 237.46310424804688, 912.3515014648438, 633.572509765625]",0.9985176920890808,car,0.4174012509220706
dl/data/leboncoin-private/annot/img/0083.jpg,1024,497,1,"[22.257783889770508, 57.29283905029297, 903.4996948242188, 419.8283996582031]",0.9996927976608276,car,0.6277538870170363
dl/data/leboncoin-private/annot/img/0084.jpg,800,561,4,"[116.3386001586914, 164.916748046875, 656.7903442382812, 515.3977661132812]",0.9974090456962585,car,0.42205453984130903
dl/data/leboncoin-private/annot/img/0086.jpg,600,800,2,"[103.26958465576172, 89.64596557617188, 581.4527587890625, 500.107177734375]",0.9971280694007874,car,0.40890759435085783
dl/data/leboncoin-private/annot/img/0088.jpg,1024,768,5,"[278.6116943359375, 17.877099990844727, 886.0066528320312, 628.0247802734375]",0.9968173503875732,car,0.4712430635347154
dl/data/leboncoin-private/annot/img/0089.jpg,600,800,1,"[5.437705993652344, 95.20604705810547, 504.66522216796875, 764.8258666992188]",0.8602496981620789,car,0.6964429986260974
dl/data/leboncoin-private/annot/img/0090.jpg,600,800,1,"[5.251808166503906, 116.00724029541016, 564.166015625, 720.4305419921875]",0.9669430255889893,car,0.7037932721610454
dl/data/leboncoin-private/annot/img/0093.jpg,450,800,1,"[11.747926712036133, 364.6551818847656, 441.5261535644531, 648.0107421875]",0.9935459494590759,car,0.33827791743245084
dl/data/leboncoin-private/annot/img/0095.jpg,600,800,7,"[127.24356079101562, 221.77630615234375, 583.4268798828125, 540.5948486328125]",0.9885600209236145,car,0.30299937686822764
dl/data/leboncoin-private/annot/img/0096.jpg,675,800,1,"[9.713167190551758, 105.67057800292969, 597.1142578125, 581.564697265625]",0.9968919157981873,car,0.517668008658294
dl/data/leboncoin-private/annot/img/0098.jpg,600,800,1,"[29.263046264648438, 243.52981567382812, 573.5642700195312, 679.2343139648438]",0.9993594288825989,car,0.4940718575318897
dl/data/leboncoin-private/annot/img/0099.jpg,1024,702,1,"[8.865727424621582, 0.0, 1024.0, 618.038818359375]",0.9957549571990967,car,0.8727747539098538
dl/data/leboncoin-private/annot/img/0100.jpg,800,450,1,"[3.7463223934173584, 0.0, 736.8328857421875, 424.9481506347656]",0.9888437986373901,car,0.8653438315284885
dl/data/leboncoin-private/annot/img/0102.jpg,600,800,2,"[72.20709228515625, 199.57508850097656, 505.14361572265625, 544.9341430664062]",0.9989907145500183,car,0.31149697587753955
dl/data/leboncoin-private/annot/img/0103.jpg,641,800,2,"[58.098838806152344, 381.5285949707031, 596.81640625, 693.9547729492188]",0.9978535771369934,car,0.3282165963462647
dl/data/leboncoin-private/annot/img/0104.jpg,600,800,2,"[28.83025360107422, 170.85568237304688, 577.0015869140625, 623.1835327148438]",0.9988645315170288,car,0.516569085034293
dl/data/leboncoin-private/annot/img/0106.jpg,600,800,1,"[26.702613830566406, 233.83602905273438, 588.423583984375, 616.7886352539062]",0.9975863695144653,car,0.44815106141302435
dl/data/leboncoin-private/annot/img/0107.jpg,487,800,2,"[2.9083194732666016, 314.19805908203125, 460.02716064453125, 599.6742553710938]",0.9976446032524109,car,0.3349500719446528
dl/data/leboncoin-private/annot/img/0108.jpg,450,800,2,"[37.345703125, 302.3095703125, 420.9246826171875, 656.9796142578125]",0.9814779758453369,car,0.3778999264249785
dl/data/leboncoin-private/annot/img/0110.jpg,600,800,2,"[0.0, 295.3092346191406, 600.0, 619.5059204101562]",0.9981139898300171,car,0.40524585723876955
dl/data/leboncoin-private/annot/img/0112.jpg,1024,614,2,"[224.1121063232422, 92.38712310791016, 796.8516845703125, 510.36627197265625]",0.9846204519271851,car,0.3807531323748984
dl/data/leboncoin-private/annot/img/0113.jpg,1024,768,1,"[64.33768463134766, 280.31866455078125, 799.5791625976562, 676.5462646484375]",0.9964087605476379,car,0.37043630766149427
dl/data/leboncoin-private/annot/img/0114.jpg,600,800,5,"[43.364410400390625, 221.74403381347656, 528.4608764648438, 652.4864501953125]",0.9976702332496643,car,0.4353158832726913
dl/data/leboncoin-private/annot/img/0115.jpg,600,800,5,"[106.011474609375, 247.1754608154297, 600.0, 750.1162109375]",0.97695392370224,car,0.5175978323159507
dl/data/leboncoin-private/annot/img/0116.jpg,600,800,1,"[56.001617431640625, 156.84642028808594, 550.307861328125, 563.435302734375]",0.9992843270301819,car,0.4187071318585299
dl/data/leboncoin-private/annot/img/0117.jpg,800,600,5,"[172.71881103515625, 68.34674072265625, 613.9534912109375, 442.14984130859375]",0.9983921647071838,car,0.343614357366149
dl/data/leboncoin-private/annot/img/0118.jpg,800,600,1,"[86.94513702392578, 128.88015747070312, 681.2178955078125, 508.60235595703125]",0.9947591423988342,car,0.47012199656674203
dl/data/leboncoin-private/annot/img/0120.jpg,600,800,1,"[21.18962860107422, 108.40507507324219, 564.611572265625, 562.7813720703125]",0.9939444661140442,car,0.514412605144269
dl/data/leboncoin-private/annot/img/0121.jpg,1024,461,3,"[226.48434448242188, 46.081661224365234, 754.7251586914062, 362.9266662597656]",0.983730137348175,car,0.35455036486143754
dl/data/leboncoin-private/annot/img/0122.jpg,1024,768,1,"[3.017559766769409, 101.12789154052734, 918.2144775390625, 663.5088500976562]",0.9984771609306335,car,0.6544613137376303
dl/data/leboncoin-private/annot/img/0124.jpg,1024,462,3,"[0.0, 6.844102382659912, 983.6455688476562, 446.7740478515625]",0.999323844909668,car,0.9147032718307737
dl/data/leboncoin-private/annot/img/0125.jpg,1024,768,2,"[80.74498748779297, 90.80545806884766, 931.7056884765625, 646.907470703125]",0.9990131855010986,car,0.6017315654659655
dl/data/leboncoin-private/annot/img/0126.jpg,600,800,2,"[0.4132232666015625, 235.40798950195312, 583.8049926757812, 762.6326293945312]",0.8334552645683289,truck,0.6407885740480181
dl/data/leboncoin-private/annot/img/0127.jpg,601,800,1,"[6.529419422149658, 260.3607482910156, 596.8866577148438, 617.1897583007812]",0.9900010824203491,car,0.43813766408502774
dl/data/leboncoin-private/annot/img/0128.jpg,600,800,3,"[39.66716766357422, 183.87391662597656, 493.80413818359375, 632.857177734375]",0.9697864055633545,car,0.42479145419576453
dl/data/leboncoin-private/annot/img/0131.jpg,451,800,1,"[44.22825622558594, 261.3995056152344, 400.6645812988281, 577.8212890625]",0.9778714776039124,car,0.3125948383178066
dl/data/leboncoin-private/annot/img/0132.jpg,1024,768,1,"[174.96034240722656, 130.94009399414062, 918.1317138671875, 527.8347778320312]",0.9980680346488953,car,0.3750620098278971
dl/data/leboncoin-private/annot/img/0135.jpg,800,542,2,"[6.911041736602783, 123.65045166015625, 748.2235107421875, 529.7557983398438]",0.9985150694847107,car,0.694305713153801
dl/data/leboncoin-private/annot/img/0136.jpg,1024,664,1,"[81.96202850341797, 245.39418029785156, 719.8244018554688, 655.1901245117188]",0.999618649482727,car,0.38443826119855684
dl/data/leboncoin-private/annot/img/0137.jpg,601,800,2,"[38.805152893066406, 166.61532592773438, 596.4028930664062, 699.5385131835938]",0.9923201203346252,car,0.618046516014644
dl/data/leboncoin-private/annot/img/0139.jpg,600,800,1,"[20.352081298828125, 97.80367279052734, 599.52587890625, 612.9407348632812]",0.9701405167579651,car,0.621570601102098
dl/data/leboncoin-private/annot/img/0140.jpg,600,800,1,"[3.6207046508789062, 85.49286651611328, 530.2146606445312, 656.24853515625]",0.9289790987968445,truck,0.6261593446979412
dl/data/leboncoin-private/annot/img/0143.jpg,960,720,1,"[33.99174118041992, 189.27088928222656, 903.8203125, 673.6732788085938]",0.9993364214897156,car,0.6095877292035745
dl/data/leboncoin-private/annot/img/0144.jpg,1024,461,1,"[178.31407165527344, 78.60720825195312, 728.6143798828125, 443.5686950683594]",0.9773834943771362,car,0.4254474365472675
dl/data/leboncoin-private/annot/img/0150.jpg,1024,461,2,"[197.46629333496094, 4.918852806091309, 1024.0, 453.7203674316406]",0.9989743232727051,car,0.7858035762954578
dl/data/leboncoin-private/annot/img/0153.jpg,600,800,2,"[4.8928985595703125, 258.29345703125, 600.0, 738.2369995117188]",0.9978522062301636,car,0.595037105042924
dl/data/leboncoin-private/annot/img/0154.jpg,1024,768,2,"[27.963825225830078, 129.95960998535156, 891.4948120117188, 720.9493408203125]",0.9941579103469849,car,0.6489282550153612
dl/data/leboncoin-private/annot/img/0158.jpg,1024,768,2,"[51.028202056884766, 53.9628791809082, 880.002197265625, 737.4415893554688]",0.9994052648544312,car,0.7204514529082262
dl/data/leboncoin-private/annot/img/0159.jpg,450,800,3,"[5.872716426849365, 297.0207214355469, 441.233154296875, 743.49951171875]",0.9979814291000366,car,0.5399422267704851
dl/data/leboncoin-private/annot/img/0160.jpg,797,800,2,"[5.025152206420898, 136.417724609375, 760.5280151367188, 703.18994140625]",0.9765331149101257,car,0.6715778425649161
dl/data/leboncoin-private/annot/img/0161.jpg,600,800,1,"[38.533058166503906, 262.27691650390625, 582.4248046875, 656.5441284179688]",0.9960979223251343,car,0.4467472551747982
dl/data/leboncoin-private/annot/img/0163.jpg,400,800,1,"[0.0, 0.0, 400.0, 377.87420654296875]",0.9518814086914062,car,0.47234275817871096
dl/data/leboncoin-private/annot/img/0164.jpg,600,800,2,"[23.71392059326172, 3.8870575428009033, 600.0, 656.6893310546875]",0.58812415599823,bus,0.7837517975624383
dl/data/leboncoin-private/annot/img/0165.jpg,1024,768,1,"[102.988037109375, 54.15576934814453, 719.0427856445312, 565.078369140625]",0.9981510043144226,car,0.4002333243511007
dl/data/leboncoin-private/annot/img/0167.jpg,603,800,1,"[69.92972564697266, 107.44596862792969, 603.0, 679.1598510742188]",0.9319229125976562,car,0.6317654978587847
dl/data/leboncoin-private/annot/img/0168.jpg,369,800,2,"[1.3256601095199585, 34.93031692504883, 369.0, 511.0499572753906]",0.7847646474838257,car,0.5930114311473735
dl/data/leboncoin-private/annot/img/0170.jpg,800,600,1,"[81.53999328613281, 155.2738494873047, 701.8375244140625, 550.5305786132812]",0.9972299933433533,car,0.510784944246967
dl/data/leboncoin-private/annot/img/0172.jpg,800,633,2,"[2.94709849357605, 130.6048583984375, 733.6993408203125, 608.5941162109375]",0.9842826724052429,car,0.6897545852183589
dl/data/leboncoin-private/annot/img/0173.jpg,1024,768,1,"[20.6488037109375, 126.16742706298828, 1004.6256103515625, 643.2657470703125]",0.9823281764984131,car,0.6469888733419277
dl/data/leboncoin-private/annot/img/0177.jpg,800,600,1,"[96.7110824584961, 70.8786392211914, 711.4295043945312, 465.79541015625]",0.9917837381362915,car,0.5057554463026539
dl/data/leboncoin-private/annot/img/0178.jpg,1024,577,1,"[3.871670961380005, 0.0, 977.9461669921875, 570.372314453125]",0.9636102914810181,car,0.9403181947825042
dl/data/leboncoin-private/annot/img/0180.jpg,1024,768,2,"[69.21332550048828, 45.33796691894531, 962.3649291992188, 616.4962158203125]",0.9962170720100403,car,0.6486649907074162
dl/data/leboncoin-private/annot/img/0181.jpg,600,800,1,"[65.95147705078125, 215.7018585205078, 600.0, 655.7474365234375]",0.9977999329566956,car,0.489595189505833
dl/data/leboncoin-private/annot/img/0183.jpg,600,800,3,"[75.18138885498047, 201.76651000976562, 574.6324462890625, 619.9579467773438]",0.9887158274650574,car,0.4351378235488436
dl/data/leboncoin-private/annot/img/0184.jpg,800,600,4,"[2.4432384967803955, 7.020092010498047, 772.4755859375, 347.6060485839844]",0.9997938275337219,car,0.5463795909283847
dl/data/leboncoin-private/annot/img/0186.jpg,800,600,1,"[48.58457946777344, 217.64337158203125, 726.2627563476562, 568.992431640625]",0.9950847029685974,car,0.49604498014368387
dl/data/leboncoin-private/annot/img/0188.jpg,600,800,1,"[4.256446838378906, 12.911419868469238, 597.710205078125, 671.0985717773438]",0.8562932014465332,car,0.8137575810946588
dl/data/leboncoin-private/annot/img/0189.jpg,370,800,1,"[0.0, 77.73834991455078, 368.816162109375, 567.1815185546875]",0.9746871590614319,car,0.609846456177388
dl/data/leboncoin-private/annot/img/0190.jpg,600,800,2,"[69.07662963867188, 302.2462158203125, 574.8211669921875, 740.764892578125]",0.5678964853286743,truck,0.46203838603699116
dl/data/leboncoin-private/annot/img/0191.jpg,600,800,1,"[22.932266235351562, 195.38601684570312, 576.9299926757812, 563.5315551757812]",0.9908835291862488,car,0.4248995650709403
dl/data/leboncoin-private/annot/img/0192.jpg,600,800,1,"[48.41990661621094, 239.61080932617188, 584.4388427734375, 643.027099609375]",0.9949048757553101,car,0.4504974390543697
dl/data/leboncoin-private/annot/img/0193.jpg,606,800,4,"[0.21794769167900085, 43.777835845947266, 600.3712158203125, 683.9739990234375]",0.9868001937866211,car,0.7925243803101953
dl/data/leboncoin-private/annot/img/0198.jpg,800,600,1,"[28.620655059814453, 87.2878189086914, 777.4434204101562, 527.974609375]",0.9983320832252502,car,0.6874922939382246
dl/data/leboncoin-private/annot/img/0199.jpg,800,745,2,"[41.399600982666016, 201.0443572998047, 761.4730224609375, 616.925048828125]",0.910565972328186,car,0.5024574370395087
dl/data/leboncoin-private/annot/img/0200.jpg,600,800,2,"[131.56195068359375, 209.8829803466797, 599.178466796875, 604.3539428710938]",0.989703357219696,car,0.38429403584066507
dl/data/leboncoin-private/annot/img/0202.jpg,601,800,1,"[22.937152862548828, 303.2624816894531, 601.0, 662.4273681640625]",0.9912029504776001,car,0.43182170729474234
dl/data/leboncoin-private/annot/img/0203.jpg,800,549,1,"[16.74498748779297, 80.58373260498047, 779.4300537109375, 461.1869201660156]",0.9884090423583984,car,0.6609297980640437
dl/data/leboncoin-private/annot/img/0204.jpg,800,600,2,"[96.81900024414062, 208.6416778564453, 720.5101928710938, 484.11016845703125]",0.9998378753662109,car,0.35793181548713765
dl/data/leboncoin-private/annot/img/0205.jpg,800,450,1,"[0.0, 95.26817321777344, 779.4475708007812, 385.1358642578125]",0.9988166093826294,car,0.6276018545410829
dl/data/leboncoin-private/annot/img/0206.jpg,800,600,5,"[48.09739685058594, 23.30120086669922, 687.3733520507812, 577.152587890625]",0.8750699758529663,bus,0.7376330718305691
dl/data/leboncoin-private/annot/img/0207.jpg,1024,576,6,"[230.84288024902344, 54.392398834228516, 724.3281860351562, 544.6180419921875]",0.9970652461051941,car,0.41015481129626635
dl/data/leboncoin-private/annot/img/0209.jpg,609,800,1,"[39.21947479248047, 232.73667907714844, 578.5032958984375, 641.5885620117188]",0.9977715611457825,car,0.4525599460084575
dl/data/leboncoin-private/annot/img/0210.jpg,1024,768,1,"[102.7694091796875, 138.6972198486328, 861.5540161132812, 596.6414794921875]",0.9989792704582214,car,0.4418450101866789
dl/data/leboncoin-private/annot/img/0213.jpg,1024,768,3,"[0.0, 9.845067977905273, 978.9096069335938, 706.4402465820312]",0.5822233557701111,truck,0.867085409137982
dl/data/leboncoin-private/annot/img/0215.jpg,1024,576,2,"[58.55129623413086, 77.64564514160156, 882.5083618164062, 469.61907958984375]",0.9970001578330994,car,0.5475689033240085
dl/data/leboncoin-private/annot/img/0216.jpg,369,800,2,"[0.6884056925773621, 169.59716796875, 366.5587463378906, 603.837890625]",0.552711009979248,truck,0.5381971582666301
dl/data/leboncoin-private/annot/img/0218.jpg,800,600,10,"[21.74248504638672, 57.28399658203125, 657.046875, 552.84033203125]",0.994224488735199,car,0.6558939903754459
dl/data/leboncoin-private/annot/img/0219.jpg,800,454,1,"[40.204193115234375, 41.26506042480469, 734.7351684570312, 412.6478576660156]",0.9980061650276184,car,0.7101785693642705
dl/data/leboncoin-private/annot/img/0220.jpg,600,800,1,"[3.2595062255859375, 144.70591735839844, 593.94873046875, 631.9521484375]",0.9972392320632935,car,0.5996064546906665
dl/data/leboncoin-private/annot/img/0223.jpg,800,600,2,"[107.4628677368164, 155.53759765625, 620.8914794921875, 507.52313232421875]",0.9978016018867493,car,0.3764988425469734
dl/data/leboncoin-private/annot/img/0224.jpg,613,800,1,"[16.556640625, 322.4293212890625, 603.7559204101562, 635.3733520507812]",0.9989919066429138,car,0.3747155576597574
dl/data/leboncoin-private/annot/img/0225.jpg,600,800,4,"[1.750030517578125, 130.8890838623047, 465.4382629394531, 798.7899780273438]",0.743766725063324,car,0.645203718850785
dl/data/leboncoin-private/annot/img/0227.jpg,800,600,6,"[2.4425971508026123, 0.0, 646.2770385742188, 591.20849609375]",0.9349945187568665,car,0.7930008163485364
dl/data/leboncoin-private/annot/img/0228.jpg,1024,515,3,"[102.60188293457031, 35.71035385131836, 996.208740234375, 472.7710266113281]",0.9963868856430054,car,0.7405954456811489
dl/data/leboncoin-private/annot/img/0229.jpg,600,800,1,"[37.84014129638672, 316.2298583984375, 548.297119140625, 617.3743896484375]",0.9937834739685059,car,0.32025276524207247
dl/data/leboncoin-private/annot/img/0231.jpg,800,800,5,"[5.805877685546875, 156.86289978027344, 784.29541015625, 647.0694580078125]",0.994413435459137,car,0.5962823036384834
dl/data/leboncoin-private/annot/img/0234.jpg,800,601,2,"[154.7836151123047, 102.54605102539062, 647.432373046875, 424.2323303222656]",0.9985285997390747,car,0.32961386426830025
dl/data/leboncoin-private/annot/img/0235.jpg,240,320,1,"[1.4935364723205566, 33.341732025146484, 228.30032348632812, 308.8392639160156]",0.9352484345436096,car,0.8136029952924104
dl/data/leboncoin-private/annot/img/0236.jpg,1024,576,1,"[168.87977600097656, 59.15652847290039, 785.1591186523438, 397.2230529785156]",0.9989455342292786,car,0.3532298032883587
dl/data/leboncoin-private/annot/img/0240.jpg,600,800,1,"[0.0, 5.638503074645996, 600.0, 535.97412109375]",0.9698765873908997,car,0.66291952252388
dl/data/leboncoin-private/annot/img/0243.jpg,600,800,2,"[59.992698669433594, 90.71653747558594, 600.0, 651.193603515625]",0.9651031494140625,car,0.6305452247707399
dl/data/leboncoin-private/annot/img/0244.jpg,800,601,4,"[59.159908294677734, 99.73528289794922, 577.2368774414062, 476.56097412109375]",0.9584266543388367,car,0.4060414143209395
dl/data/leboncoin-private/annot/img/0245.jpg,600,800,5,"[0.0, 165.75758361816406, 538.94921875, 620.0665893554688]",0.9851722717285156,car,0.5101030910691867
dl/data/leboncoin-private/annot/img/0247.jpg,1024,577,1,"[129.7216796875, 83.00578308105469, 820.2388305664062, 510.9441223144531]",0.9826968908309937,car,0.5001265346743954
dl/data/leboncoin-private/annot/img/0248.jpg,600,800,1,"[27.172805786132812, 259.405029296875, 539.3219604492188, 648.8253784179688]",0.9866272807121277,car,0.41550271377285825
dl/data/leboncoin-private/annot/img/0249.jpg,1024,768,5,"[194.81787109375, 196.8468475341797, 805.0830078125, 619.957275390625]",0.998872697353363,car,0.32833041267769164
dl/data/leboncoin-private/annot/img/0250.jpg,640,480,2,"[5.894718170166016, 22.395118713378906, 496.9120178222656, 465.95074462890625]",0.8621393442153931,car,0.7089631695395152
dl/data/leboncoin-private/annot/img/0251.jpg,800,601,2,"[70.001220703125, 138.35333251953125, 732.9268188476562, 575.0927124023438]",0.9860426783561707,car,0.6021749472589125
dl/data/leboncoin-private/annot/img/0252.jpg,600,800,1,"[22.074874877929688, 140.15762329101562, 572.5953979492188, 656.806396484375]",0.9679813981056213,car,0.592553651796975
dl/data/leboncoin-private/annot/img/0254.jpg,450,800,2,"[6.119285583496094, 102.43663024902344, 450.0, 610.7540893554688]",0.9489608407020569,car,0.6267564358293082
dl/data/leboncoin-private/annot/img/0256.jpg,800,600,3,"[0.786906898021698, 112.5871810913086, 687.3370361328125, 591.9937133789062]",0.9531697630882263,car,0.6857012847876106
dl/data/leboncoin-private/annot/img/0257.jpg,603,800,1,"[8.318416595458984, 240.5253448486328, 597.6544189453125, 800.0]",0.9213833808898926,car,0.6834961788618773
dl/data/leboncoin-private/annot/img/0258.jpg,866,800,1,"[3.868865966796875, 234.45843505859375, 866.0, 698.0830688476562]",0.9991204142570496,car,0.5769417310829864
dl/data/leboncoin-private/annot/img/0259.jpg,600,800,1,"[3.4972686767578125, 158.90940856933594, 565.321533203125, 573.4276733398438]",0.996518611907959,car,0.4851800400779927
dl/data/leboncoin-private/annot/img/0260.jpg,600,800,3,"[68.4250717163086, 241.46963500976562, 531.9998779296875, 611.7041015625]",0.827366054058075,truck,0.35756535642853654
dl/data/leboncoin-private/annot/img/0261.jpg,600,800,1,"[62.7330322265625, 347.62689208984375, 535.7108154296875, 671.7704467773438]",0.9943422079086304,car,0.3194014581993222
dl/data/leboncoin-private/annot/img/0262.jpg,1024,759,2,"[31.668907165527344, 43.0374870300293, 998.0402221679688, 695.0733032226562]",0.9982714653015137,car,0.8107253442064485
dl/data/leboncoin-private/annot/img/0265.jpg,600,800,5,"[0.0, 212.63038635253906, 591.1187744140625, 497.8515625]",0.9998629093170166,car,0.3512491501692178
dl/data/leboncoin-private/annot/img/0267.jpg,600,800,1,"[32.516761779785156, 45.75341796875, 510.0202331542969, 433.0753173828125]",0.9823499917984009,car,0.38530739897830063
dl/data/leboncoin-private/annot/img/0271.jpg,1024,768,1,"[6.262840270996094, 90.74598693847656, 996.809326171875, 612.44482421875]",0.9958586096763611,car,0.6571031570009223
dl/data/leboncoin-private/annot/img/0273.jpg,600,800,1,"[20.266822814941406, 276.4732666015625, 569.735595703125, 629.017822265625]",0.9749318361282349,car,0.4035671341440466
dl/data/leboncoin-private/annot/img/0275.jpg,600,800,2,"[2.7350234985351562, 183.0939483642578, 600.0, 642.8226318359375]",0.9970767498016357,car,0.5720413361057545
dl/data/leboncoin-private/annot/img/0276.jpg,800,600,6,"[86.68302154541016, 125.29657745361328, 704.8663940429688, 550.861083984375]",0.9913372993469238,car,0.5480768788800949
dl/data/leboncoin-private/annot/img/0278.jpg,1024,768,3,"[36.45204162597656, 246.51304626464844, 927.1456298828125, 645.3189086914062]",0.7347789406776428,car,0.4516777351668688
dl/data/leboncoin-private/annot/img/0279.jpg,800,800,2,"[11.488616943359375, 105.83859252929688, 798.49755859375, 739.3253173828125]",0.60454922914505,car,0.7789995576195899
dl/data/leboncoin-private/annot/img/0280.jpg,1024,768,2,"[8.986368179321289, 104.30010986328125, 906.9996337890625, 577.7364501953125]",0.9912176728248596,car,0.540608868967555
dl/data/leboncoin-private/annot/img/0281.jpg,558,768,2,"[13.093685150146484, 287.6708984375, 485.7505798339844, 651.84521484375]",0.98324054479599,car,0.4016612098552017
dl/data/leboncoin-private/annot/img/0282.jpg,600,800,1,"[4.113807678222656, 113.49732971191406, 594.1773681640625, 669.28369140625]",0.9886582493782043,car,0.6832276655225639
dl/data/leboncoin-private/annot/img/0284.jpg,600,800,3,"[44.15034484863281, 238.44046020507812, 559.4337768554688, 617.8054809570312]",0.9380744695663452,car,0.4072510622425228
dl/data/leboncoin-private/annot/img/0285.jpg,600,800,5,"[0.0, 114.92264556884766, 583.2007446289062, 721.093994140625]",0.6181432604789734,truck,0.7364991288745184
dl/data/leboncoin-private/annot/img/0286.jpg,800,600,13,"[80.62419128417969, 70.69109344482422, 736.03369140625, 475.91436767578125]",0.9979192614555359,car,0.5533066325032087
dl/data/leboncoin-private/annot/img/0287.jpg,1024,768,1,"[57.53474044799805, 117.59170532226562, 996.2251586914062, 636.8931884765625]",0.9980954527854919,car,0.6198416727912002
dl/data/leboncoin-private/annot/img/0288.jpg,800,600,2,"[63.18327331542969, 51.069557189941406, 715.5874633789062, 569.757568359375]",0.8492115139961243,car,0.7049879829638122
dl/data/leboncoin-private/annot/img/0290.jpg,600,800,5,"[0.6800079345703125, 55.4766960144043, 600.0, 650.2197875976562]",0.5249954462051392,truck,0.7425863019346743
dl/data/leboncoin-private/annot/img/0292.jpg,1024,768,2,"[57.082462310791016, 133.93954467773438, 819.6434326171875, 762.7227783203125]",0.9633542895317078,car,0.6096974090053279
dl/data/leboncoin-private/annot/img/0294.jpg,800,600,1,"[78.02044677734375, 212.9944610595703, 715.060302734375, 535.9401245117188]",0.9990986585617065,car,0.42860262276563443
dl/data/leboncoin-private/annot/img/0295.jpg,800,800,7,"[3.3218994140625, 50.95086669921875, 620.8928833007812, 792.9326782226562]",0.9899441003799438,car,0.715978808388405
dl/data/leboncoin-private/annot/img/0298.jpg,1024,462,1,"[15.211084365844727, 18.86359214782715, 823.6215209960938, 453.01849365234375]",0.9914767146110535,car,0.7418817503095174
dl/data/leboncoin-private/annot/img/0299.jpg,800,577,2,"[48.621604919433594, 34.746978759765625, 747.2406005859375, 538.9388427734375]",0.9933795928955078,car,0.7630806188484704
dl/data/leboncoin-private/annot/img/0300.jpg,1024,768,3,"[123.6828384399414, 117.3099594116211, 851.300537109375, 700.7969360351562]",0.9831599593162537,truck,0.5398501728495309
dl/data/leboncoin-private/annot/img/0301.jpg,1024,766,2,"[79.16072082519531, 54.90143966674805, 787.6887817382812, 608.7339477539062]",0.9893364906311035,car,0.5002726636770066
dl/data/leboncoin-private/annot/img/0306.jpg,1024,768,1,"[210.44969177246094, 154.3795623779297, 939.5350341796875, 768.0]",0.7674792408943176,car,0.5688752071021517
dl/data/leboncoin-private/annot/img/0307.jpg,1024,768,1,"[31.073932647705078, 43.51201248168945, 982.2998046875, 721.1098022460938]",0.9927865862846375,car,0.8195858617920978
dl/data/leboncoin-private/annot/img/0308.jpg,1024,768,1,"[5.434773921966553, 114.16020965576172, 985.6206665039062, 569.9857788085938]",0.991155743598938,car,0.5681276860068504
dl/data/leboncoin-private/annot/img/0309.jpg,600,800,2,"[21.568313598632812, 155.93814086914062, 577.7586059570312, 605.8363037109375]",0.700093150138855,truck,0.5213103973385111
dl/data/leboncoin-private/annot/img/0311.jpg,600,800,1,"[0.0, 263.540283203125, 588.0620727539062, 667.5183715820312]",0.9980858564376831,car,0.494925399998459
dl/data/leboncoin-private/annot/img/0313.jpg,600,800,1,"[0.22579193115234375, 224.42906188964844, 549.3543090820312, 588.5422973632812]",0.9917798638343811,car,0.41655200223051
dl/data/leboncoin-private/annot/img/0314.jpg,600,800,2,"[0.0, 177.45242309570312, 600.0, 800.0]",0.8936504125595093,truck,0.7781844711303711
dl/data/leboncoin-private/annot/img/0315.jpg,600,800,1,"[52.37042999267578, 197.76901245117188, 560.1026611328125, 568.3607177734375]",0.9837023019790649,car,0.3920028195527125
dl/data/leboncoin-private/annot/img/0317.jpg,600,800,2,"[44.95729064941406, 161.50338745117188, 598.2280883789062, 753.3119506835938]",0.9451094269752502,truck,0.6821466580890556
dl/data/leboncoin-private/annot/img/0319.jpg,601,800,1,"[31.652734756469727, 263.35345458984375, 567.8029174804688, 665.1121826171875]",0.9989157915115356,car,0.4480095995067009
dl/data/leboncoin-private/annot/img/0320.jpg,800,600,2,"[139.36416625976562, 105.80276489257812, 642.118408203125, 401.86297607421875]",0.9900805354118347,car,0.31009484800461795
dl/data/leboncoin-private/annot/img/0321.jpg,601,800,1,"[27.313514709472656, 359.378662109375, 569.7960205078125, 689.571044921875]",0.9966302514076233,car,0.37255322633870563
dl/data/leboncoin-private/annot/img/0322.jpg,600,800,1,"[24.349205017089844, 212.0184326171875, 564.087890625, 595.9048461914062]",0.9886471629142761,car,0.43166322559434045
dl/data/leboncoin-private/annot/img/0324.jpg,603,800,1,"[2.784329891204834, 8.23055362701416, 597.873291015625, 575.3617553710938]",0.5542142987251282,car,0.6996134279998514
dl/data/leboncoin-private/annot/img/0326.jpg,603,800,1,"[67.4341049194336, 6.48162317276001, 512.06298828125, 497.7489318847656]",0.679724931716919,car,0.452801896568789
dl/data/leboncoin-private/annot/img/0327.jpg,600,800,1,"[24.02240753173828, 313.0595397949219, 600.0, 754.8104248046875]",0.9866572022438049,car,0.5300804400388516
dl/data/leboncoin-private/annot/img/0328.jpg,600,800,1,"[42.79266357421875, 317.8494567871094, 532.6240234375, 661.7706909179688]",0.9936279058456421,car,0.3509654287503683
dl/data/leboncoin-private/annot/img/0332.jpg,1024,771,7,"[0.04360875487327576, 158.4938201904297, 1024.0, 659.98876953125]",0.9995809197425842,car,0.6504197047192719
dl/data/leboncoin-private/annot/img/0336.jpg,600,800,1,"[109.11447143554688, 244.7377166748047, 580.6097412109375, 633.3496704101562]",0.9893717765808105,truck,0.3817264540924817
dl/data/leboncoin-private/annot/img/0337.jpg,611,800,1,"[4.359048366546631, 72.34849548339844, 573.7672729492188, 784.427978515625]",0.9779344201087952,car,0.8295088260947773
dl/data/leboncoin-private/annot/img/0338.jpg,600,800,1,"[0.7294235229492188, 124.49222564697266, 596.7650756835938, 569.7459716796875]",0.9955437779426575,car,0.55288980602829
dl/data/leboncoin-private/annot/img/0339.jpg,800,524,1,"[51.42957305908203, 2.172046184539795, 792.03955078125, 510.7897644042969]",0.9962452054023743,car,0.8985862522896807
dl/data/leboncoin-private/annot/img/0341.jpg,1024,768,1,"[3.189610719680786, 103.28487396240234, 1023.2086181640625, 762.594970703125]",0.9800608158111572,car,0.8551391989078918
dl/data/leboncoin-private/annot/img/0342.jpg,600,800,10,"[38.12800598144531, 228.86158752441406, 525.411865234375, 592.978759765625]",0.9989657402038574,car,0.3696425435624187
dl/data/leboncoin-private/annot/img/0345.jpg,1024,768,1,"[287.6995544433594, 282.9848937988281, 923.3496704101562, 691.8110961914062]",0.9918455481529236,car,0.3304423306288496
dl/data/leboncoin-private/annot/img/0346.jpg,600,800,1,"[22.741104125976562, 117.56825256347656, 577.0203857421875, 447.2565612792969]",0.9971121549606323,car,0.38070708106722595
dl/data/leboncoin-private/annot/img/0347.jpg,1024,768,1,"[21.884029388427734, 0.8060742020606995, 924.4472045898438, 757.7069702148438]",0.9590365290641785,car,0.8686712595851825
dl/data/leboncoin-private/annot/img/0349.jpg,800,722,1,"[1.125251293182373, 0.2267266809940338, 791.3163452148438, 670.1068725585938]",0.9924989342689514,car,0.9164358124435987
dl/data/leboncoin-private/annot/img/0351.jpg,600,800,1,"[7.528312683105469, 334.2894287109375, 565.9248046875, 728.5066528320312]",0.9975293278694153,car,0.45860315632693527
dl/data/leboncoin-private/annot/img/0352.jpg,600,800,1,"[2.6672744750976562, 0.0, 600.0, 640.6084594726562]",0.890279233455658,car,0.7972008272731473
dl/data/leboncoin-private/annot/img/0353.jpg,450,800,2,"[81.1482925415039, 313.71319580078125, 450.0, 625.8629760742188]",0.979073166847229,car,0.31982494287958835
dl/data/leboncoin-private/annot/img/0354.jpg,1024,768,5,"[82.0519790649414, 186.05191040039062, 844.8234252929688, 700.2806396484375]",0.9907822012901306,truck,0.4987576694495308
dl/data/leboncoin-private/annot/img/0356.jpg,600,800,1,"[56.382545471191406, 297.5834655761719, 485.5373840332031, 640.9334716796875]",0.9994423985481262,car,0.30697982591587497
dl/data/leboncoin-private/annot/img/0357.jpg,800,600,5,"[78.23257446289062, 120.8831787109375, 696.2633056640625, 398.7479553222656]",0.9982736110687256,car,0.3577686897169779
dl/data/leboncoin-private/annot/img/0358.jpg,600,800,8,"[115.81986236572266, 199.8916473388672, 597.8218994140625, 574.8040161132812]",0.994526207447052,car,0.3764760947164291
dl/data/leboncoin-private/annot/img/0359.jpg,1024,768,4,"[95.05062866210938, 191.57379150390625, 1002.2157592773438, 562.561279296875]",0.9990026354789734,car,0.4279415293634112
dl/data/leboncoin-private/annot/img/0360.jpg,370,800,1,"[6.98865270614624, 156.62850952148438, 366.4010925292969, 405.8887939453125]",0.946966290473938,truck,0.30265961816142073
dl/data/leboncoin-private/annot/img/0363.jpg,1024,768,2,"[0.912875235080719, 129.5949249267578, 988.79150390625, 716.507568359375]",0.9974591135978699,car,0.7372518632812307
dl/data/leboncoin-private/annot/img/0364.jpg,370,800,1,"[19.919092178344727, 219.20729064941406, 366.7071838378906, 510.3916320800781]",0.7965325117111206,car,0.34114615569554607
dl/data/leboncoin-private/annot/img/0365.jpg,450,800,1,"[12.145356178283691, 311.4592590332031, 435.13201904296875, 566.9727172851562]",0.9992908239364624,car,0.30021884728613524
dl/data/leboncoin-private/annot/img/0366.jpg,602,800,1,"[12.95793628692627, 217.94378662109375, 567.9360961914062, 554.3095703125]",0.9982759952545166,car,0.3876155807472695
dl/data/leboncoin-private/annot/img/0367.jpg,601,800,6,"[28.903018951416016, 182.8636474609375, 592.6300048828125, 672.46728515625]",0.5171922445297241,truck,0.5740490494572088
dl/data/leboncoin-private/annot/img/0368.jpg,600,800,2,"[85.29405212402344, 0.0, 600.0, 799.9098510742188]",0.9811509251594543,car,0.8577465794010146
dl/data/leboncoin-private/annot/img/0369.jpg,600,800,1,"[5.6883544921875, 149.4444580078125, 518.9105224609375, 549.0328369140625]",0.9683911800384521,truck,0.42724502941121656
dl/data/leboncoin-private/annot/img/0371.jpg,450,800,1,"[59.69855499267578, 192.38560485839844, 448.17803955078125, 629.778076171875]",0.9799581170082092,car,0.47199444945959806
dl/data/leboncoin-private/annot/img/0374.jpg,603,800,1,"[2.2414448261260986, 192.79930114746094, 598.0068969726562, 698.5736694335938]",0.9962712526321411,car,0.6246328673426899
dl/data/leboncoin-private/annot/img/0375.jpg,600,800,2,"[3.1256332397460938, 258.3472900390625, 596.8524169921875, 691.0231323242188]",0.8599510192871094,car,0.5351900755153008
dl/data/leboncoin-private/annot/img/0383.jpg,600,800,1,"[23.934425354003906, 269.3942565917969, 569.46240234375, 618.7965698242188]",0.9973885416984558,car,0.39710153561087647
dl/data/leboncoin-private/annot/img/0384.jpg,765,800,1,"[25.807544708251953, 216.54124450683594, 765.0, 667.4595947265625]",0.9992825388908386,car,0.5446330758742223
dl/data/leboncoin-private/annot/img/0385.jpg,1024,576,1,"[25.757783889770508, 13.941753387451172, 920.6307983398438, 547.1062622070312]",0.9990807771682739,car,0.8089099989236963
dl/data/leboncoin-private/annot/img/0387.jpg,1024,576,2,"[119.74822235107422, 58.11480712890625, 841.7968139648438, 541.6595458984375]",0.9965733289718628,car,0.5919440334926828
dl/data/leboncoin-private/annot/img/0388.jpg,1024,737,2,"[34.8368034362793, 167.5681915283203, 1022.6823120117188, 721.567138671875]",0.9939603805541992,car,0.7251544634223451
dl/data/leboncoin-private/annot/img/0389.jpg,600,800,3,"[17.735069274902344, 204.87513732910156, 598.9818115234375, 681.632080078125]",0.997094988822937,car,0.5773196246192526
dl/data/leboncoin-private/annot/img/0390.jpg,800,600,1,"[45.93904113769531, 144.23281860351562, 702.5478515625, 471.6233825683594]",0.9937390089035034,car,0.4478490182276291
dl/data/leboncoin-private/annot/img/0391.jpg,600,800,4,"[26.704078674316406, 252.1346435546875, 600.0, 644.9280395507812]",0.9935479760169983,car,0.46913927468380134
dl/data/leboncoin-private/annot/img/0395.jpg,600,800,5,"[26.663726806640625, 159.0855255126953, 583.5018310546875, 652.7793579101562]",0.9934072494506836,car,0.5727240368982399
dl/data/leboncoin-private/annot/img/0397.jpg,436,800,5,"[42.85759735107422, 167.33132934570312, 431.7674560546875, 627.13818359375]",0.9892573952674866,car,0.5126818197149106
dl/data/leboncoin-private/annot/img/0399.jpg,1024,768,1,"[130.39381408691406, 137.3600311279297, 925.0949096679688, 630.9974975585938]",0.9875224232673645,car,0.4988279156904918
dl/data/leboncoin-private/annot/img/0401.jpg,1024,768,1,"[28.886491775512695, 75.92229461669922, 829.5384521484375, 666.3369140625]",0.997003972530365,car,0.6010902690787185
dl/data/leboncoin-private/annot/img/0403.jpg,451,800,5,"[0.5676910281181335, 280.9875183105469, 450.0053405761719, 623.1217651367188]",0.9811062812805176,car,0.42618628526454644
dl/data/leboncoin-private/annot/img/0404.jpg,1024,576,3,"[133.35586547851562, 0.0, 1024.0, 564.5636596679688]",0.9857110381126404,car,0.8525005968683198
dl/data/leboncoin-private/annot/img/0407.jpg,800,800,1,"[30.936004638671875, 33.5870361328125, 797.239013671875, 741.3051147460938]",0.6975275278091431,truck,0.8473851456071163
dl/data/leboncoin-private/annot/img/0408.jpg,1024,577,1,"[173.4969482421875, 109.49730682373047, 779.2708740234375, 475.9330139160156]",0.9791957139968872,car,0.3756925585458897
dl/data/leboncoin-private/annot/img/0410.jpg,370,800,3,"[2.082805871963501, 199.12808227539062, 363.134521484375, 472.828857421875]",0.9968289732933044,car,0.3338518055104225
dl/data/leboncoin-private/annot/img/0411.jpg,800,644,1,"[4.923207759857178, 0.0, 800.0, 642.0344848632812]",0.7942242622375488,car,0.9908127304593365
dl/data/leboncoin-private/annot/img/0415.jpg,600,800,1,"[21.96075439453125, 212.77645874023438, 570.1885986328125, 500.38861083984375]",0.9780474305152893,car,0.3284937294214615
dl/data/leboncoin-private/annot/img/0417.jpg,1024,768,2,"[28.011930465698242, 95.16158294677734, 1002.3403930664062, 687.1190185546875]",0.8789229989051819,truck,0.7333895087698781
dl/data/leboncoin-private/annot/img/0418.jpg,600,800,1,"[43.90242004394531, 136.97337341308594, 600.0, 502.1566162109375]",0.9811854958534241,car,0.42307816158414496
dl/data/leboncoin-private/annot/img/0420.jpg,1024,768,2,"[7.481590270996094, 0.0, 1024.0, 627.549072265625]",0.9401572942733765,car,0.8111511039306194
dl/data/leboncoin-private/annot/img/0421.jpg,1024,577,3,"[26.814470291137695, 99.36119079589844, 878.69091796875, 571.62353515625]",0.9983075857162476,car,0.6809012948941142
dl/data/leboncoin-private/annot/img/0423.jpg,800,600,2,"[91.77674102783203, 79.86664581298828, 790.2926025390625, 546.1346435546875]",0.6795266270637512,truck,0.678532483620124
dl/data/leboncoin-private/annot/img/0425.jpg,800,600,3,"[66.31211853027344, 135.9062957763672, 695.8746337890625, 429.4540100097656]",0.996644914150238,car,0.385013827752597
dl/data/leboncoin-private/annot/img/0426.jpg,1024,768,4,"[0.0, 43.84423828125, 994.1317749023438, 761.3644409179688]",0.9649683833122253,car,0.9070201016432833
dl/data/leboncoin-private/annot/img/0428.jpg,1024,768,1,"[133.1230010986328, 158.66090393066406, 923.220703125, 625.2633666992188]",0.9992542862892151,car,0.4687773813797997
dl/data/leboncoin-private/annot/img/0430.jpg,600,800,5,"[11.075042724609375, 214.54017639160156, 595.8375244140625, 711.2294311523438]",0.833734393119812,car,0.6050942525882846
dl/data/leboncoin-private/annot/img/0432.jpg,800,452,1,"[160.6459503173828, 136.60244750976562, 712.17041015625, 412.093994140625]",0.9981264472007751,car,0.42018895587875776
dl/data/leboncoin-private/annot/img/0433.jpg,1024,558,3,"[71.51791381835938, 135.65525817871094, 876.9823608398438, 532.280517578125]",0.998836100101471,car,0.5591039868197347
dl/data/leboncoin-private/annot/img/0434.jpg,800,600,1,"[211.2066192626953, 121.68930053710938, 734.9725341796875, 410.72222900390625]",0.9721983671188354,truck,0.31538665879072797
dl/data/leboncoin-private/annot/img/0435.jpg,989,800,1,"[51.26922607421875, 43.44573974609375, 933.3668212890625, 728.5628051757812]",0.9976285099983215,car,0.7638272445098307
dl/data/leboncoin-private/annot/img/0437.jpg,800,450,1,"[119.46229553222656, 9.207797050476074, 676.5436401367188, 408.3614807128906]",0.9230771064758301,car,0.6176696411069279
dl/data/leboncoin-private/annot/img/0439.jpg,800,450,4,"[5.7789716720581055, 22.480480194091797, 662.7123413085938, 444.9338073730469]",0.990678608417511,car,0.7708991326051023
dl/data/leboncoin-private/annot/img/0440.jpg,600,800,1,"[0.49326324462890625, 149.39773559570312, 525.6865234375, 644.6795654296875]",0.8963862061500549,truck,0.5419139144266689
dl/data/leboncoin-private/annot/img/0441.jpg,600,800,1,"[99.0029296875, 295.7306823730469, 553.3949584960938, 647.8768310546875]",0.9974802136421204,car,0.33335917278454874
dl/data/leboncoin-private/annot/img/0444.jpg,800,600,8,"[134.2970428466797, 175.5880889892578, 694.0892944335938, 534.2562255859375]",0.9987342953681946,car,0.41829092449570454
dl/data/leboncoin-private/annot/img/0445.jpg,1024,768,8,"[109.51832580566406, 29.701610565185547, 911.452392578125, 761.357666015625]",0.9904720783233643,car,0.7460783844325615
dl/data/leboncoin-private/annot/img/0446.jpg,1024,768,1,"[5.555288314819336, 142.73056030273438, 947.78076171875, 766.2884521484375]",0.9961639642715454,car,0.7470857363879834
dl/data/leboncoin-private/annot/img/0450.jpg,638,800,1,"[44.39226150512695, 335.8911437988281, 598.43359375, 701.9945068359375]",0.9968495965003967,car,0.3974067300086373
dl/data/leboncoin-private/annot/img/0451.jpg,450,800,2,"[21.068960189819336, 254.03329467773438, 438.49139404296875, 541.2880859375]",0.996948778629303,car,0.3330738725100827
dl/data/leboncoin-private/annot/img/0452.jpg,1024,768,7,"[264.864990234375, 24.600820541381836, 934.6094970703125, 668.3465576171875]",0.9526639580726624,car,0.54822943522844
dl/data/leboncoin-private/annot/img/0453.jpg,1024,689,1,"[34.86279296875, 31.493473052978516, 960.156982421875, 678.9544067382812]",0.5609132051467896,truck,0.8491300795946709
dl/data/leboncoin-private/annot/img/0457.jpg,600,800,1,"[15.12799072265625, 0.0, 587.232666015625, 458.1703796386719]",0.9883909225463867,truck,0.5460862839000804
dl/data/leboncoin-private/annot/img/0458.jpg,600,800,2,"[17.103607177734375, 65.1399917602539, 590.2587890625, 611.98974609375]",0.6749532222747803,car,0.6529786883513632
dl/data/leboncoin-private/annot/img/0459.jpg,1024,768,4,"[176.87254333496094, 124.52999877929688, 751.2155151367188, 646.3494873046875]",0.997632622718811,car,0.3810925239356309
dl/data/leboncoin-private/annot/img/0461.jpg,600,800,3,"[63.130462646484375, 249.91029357910156, 600.0, 751.8322143554688]",0.9951164722442627,car,0.5613887279058254
dl/data/leboncoin-private/annot/img/0462.jpg,800,654,14,"[146.3888397216797, 87.57109069824219, 676.5703735351562, 522.5505981445312]",0.998725950717926,car,0.44078383492986256
dl/data/leboncoin-private/annot/img/0463.jpg,1024,768,1,"[54.006744384765625, 168.08639526367188, 1018.7164916992188, 579.2534790039062]",0.9996757507324219,car,0.5043753222898637
dl/data/leboncoin-private/annot/img/0465.jpg,1024,490,2,"[105.73806762695312, 40.57521057128906, 874.216796875, 474.7283630371094]",0.8103404641151428,car,0.6649343568757317
dl/data/leboncoin-private/annot/img/0466.jpg,725,800,7,"[28.994495391845703, 262.8358459472656, 710.9902954101562, 670.8453979492188]",0.9975722432136536,car,0.47976000143566294
dl/data/leboncoin-private/annot/img/0468.jpg,710,762,2,"[3.2283191680908203, 98.4040298461914, 709.0592041015625, 683.5401000976562]",0.9505399465560913,car,0.763386030594221
dl/data/leboncoin-private/annot/img/0469.jpg,800,691,3,"[6.788058280944824, 18.70207977294922, 627.347412109375, 631.4025268554688]",0.9757145047187805,car,0.6878020867075229
dl/data/leboncoin-private/annot/img/0470.jpg,800,735,2,"[78.92645263671875, 254.14007568359375, 652.8441772460938, 634.5181884765625]",0.9030731916427612,truck,0.37126826698188575
dl/data/leboncoin-private/annot/img/0471.jpg,800,600,1,"[17.899538040161133, 157.3712158203125, 748.7451782226562, 448.65020751953125]",0.9997981190681458,car,0.44349996075026504
dl/data/leboncoin-private/annot/img/0475.jpg,600,800,3,"[5.5312042236328125, 130.91477966308594, 600.0, 674.9635009765625]",0.8388249278068542,truck,0.6737916420893642
dl/data/leboncoin-private/annot/img/0478.jpg,800,601,1,"[90.91234588623047, 152.02029418945312, 690.38818359375, 442.9967956542969]",0.9996634721755981,car,0.36279821540940205
dl/data/leboncoin-private/annot/img/0479.jpg,370,800,3,"[0.0, 246.87698364257812, 354.8258972167969, 538.0866088867188]",0.9995126724243164,car,0.3490835018764168
dl/data/leboncoin-private/annot/img/0480.jpg,600,800,1,"[23.325645446777344, 101.26066589355469, 573.3590087890625, 712.2401123046875]",0.8835944533348083,car,0.7001230830052559
dl/data/leboncoin-private/annot/img/0484.jpg,1024,461,3,"[259.28271484375, 24.1529541015625, 783.61083984375, 454.37744140625]",0.9967545866966248,car,0.4778563897216333
dl/data/leboncoin-private/annot/img/0485.jpg,601,800,2,"[75.42999267578125, 82.52429962158203, 534.17529296875, 507.2427673339844]",0.9912475943565369,car,0.405236274980648
dl/data/leboncoin-private/annot/img/0487.jpg,1024,451,2,"[128.55575561523438, 15.974181175231934, 913.03076171875, 446.2200927734375]",0.9982998967170715,car,0.7308350456602839
dl/data/leboncoin-private/annot/img/0488.jpg,799,599,8,"[62.36531448364258, 67.21934509277344, 729.332763671875, 462.4438781738281]",0.9837755560874939,car,0.550775904533591
dl/data/leboncoin-private/annot/img/0489.jpg,800,600,1,"[0.7379184365272522, 130.8216094970703, 785.5302124023438, 442.509033203125]",0.9992398023605347,car,0.5096039338553543
dl/data/leboncoin-private/annot/img/0491.jpg,586,800,1,"[12.954976081848145, 261.36395263671875, 585.9157104492188, 614.5985717773438]",0.9998149275779724,car,0.4317183591868408
dl/data/leboncoin-private/annot/img/0492.jpg,1024,575,1,"[140.1440887451172, 19.685436248779297, 769.4542236328125, 544.2037353515625]",0.6956779360771179,car,0.5606057771050221
dl/data/leboncoin-private/annot/img/0497.jpg,960,720,2,"[92.30208587646484, 158.1003875732422, 866.8013916015625, 465.3839111328125]",0.9942247271537781,car,0.3443155029769226
dl/data/leboncoin-private/annot/img/0498.jpg,450,800,2,"[0.0, 217.6116485595703, 450.0, 560.2536010742188]",0.731753408908844,truck,0.4283024406433105
dl/data/leboncoin-private/annot/img/0499.jpg,1024,497,1,"[116.5366439819336, 2.4792094230651855, 864.068359375, 446.14581298828125]",0.9990625977516174,car,0.6516734336207116
dl/data/leboncoin-private/annot/img/0500.jpg,1024,768,2,"[18.420379638671875, 94.70460510253906, 956.5610961914062, 631.6564331054688]",0.9997308850288391,car,0.6405339211488966
dl/data/leboncoin-private/annot/img/0501.jpg,601,800,1,"[26.26766014099121, 202.70904541015625, 568.6919555664062, 666.1803588867188]",0.994601845741272,car,0.5228745854043596
dl/data/leboncoin-private/annot/img/0503.jpg,600,800,3,"[15.738487243652344, 117.6273422241211, 597.52294921875, 525.8632202148438]",0.9306628704071045,car,0.49480268882450873
dl/data/leboncoin-private/annot/img/0504.jpg,800,601,11,"[157.34864807128906, 43.72706985473633, 747.2935180664062, 443.234619140625]",0.9938629865646362,car,0.4901984800863799
dl/data/leboncoin-private/annot/img/0506.jpg,1024,768,2,"[144.58636474609375, 180.78271484375, 814.8668212890625, 656.2594604492188]",0.9910790324211121,car,0.4052515285746239
dl/data/leboncoin-private/annot/img/0507.jpg,600,800,2,"[0.0, 83.88935089111328, 600.0, 664.1066284179688]",0.9844875931739807,car,0.7252715969085693
dl/data/leboncoin-private/annot/img/0508.jpg,1024,768,21,"[109.046875, 113.51901245117188, 962.2049560546875, 577.8820190429688]",0.9957907795906067,car,0.5037626287036167
dl/data/leboncoin-private/annot/img/0509.jpg,800,600,4,"[45.55860900878906, 88.95275115966797, 756.5511474609375, 566.6995239257812]",0.9970334768295288,car,0.7076549806381263
dl/data/leboncoin-private/annot/img/0511.jpg,600,800,1,"[0.0, 224.50669860839844, 591.2786254882812, 732.6524658203125]",0.9977637529373169,car,0.6259494391348931
dl/data/leboncoin-private/annot/img/0513.jpg,600,800,4,"[38.29463195800781, 136.57058715820312, 600.0, 591.2791748046875]",0.9671432375907898,car,0.5321088636996312
dl/data/leboncoin-private/annot/img/0514.jpg,1024,768,4,"[283.3544921875, 189.65248107910156, 881.1742553710938, 600.6935424804688]",0.992212176322937,car,0.3124599075135528
dl/data/leboncoin-private/annot/img/0515.jpg,599,800,1,"[19.17387580871582, 236.8329620361328, 523.6795654296875, 525.8262329101562]",0.9935665726661682,car,0.30425448543013245
dl/data/leboncoin-private/annot/img/0517.jpg,600,800,1,"[12.559295654296875, 210.03143310546875, 594.02099609375, 552.8452758789062]",0.9962104558944702,car,0.4152773332358881
dl/data/leboncoin-private/annot/img/0520.jpg,1024,473,1,"[0.0, 0.0, 1012.4714965820312, 469.08428955078125]",0.9939303398132324,car,0.9805564396649511
dl/data/leboncoin-private/annot/img/0521.jpg,600,800,1,"[2.690185546875, 9.987709999084473, 574.695556640625, 475.731689453125]",0.997632622718811,car,0.5550167870881006
dl/data/leboncoin-private/annot/img/0522.jpg,600,800,4,"[17.247093200683594, 164.9086456298828, 587.8515014648438, 507.0250549316406]",0.999870777130127,car,0.4066940235147682
dl/data/leboncoin-private/annot/img/0523.jpg,1024,768,3,"[144.28993225097656, 18.032079696655273, 803.6185302734375, 654.1693115234375]",0.6464433073997498,truck,0.5333245203784199
dl/data/leboncoin-private/annot/img/0524.jpg,800,600,1,"[10.880770683288574, 184.51522827148438, 771.779541015625, 488.984619140625]",0.9985114932060242,car,0.48264663565867627
dl/data/leboncoin-private/annot/img/0525.jpg,602,800,1,"[2.9276952743530273, 166.08059692382812, 485.21929931640625, 598.3287963867188]",0.9490156173706055,car,0.4328689316097319
dl/data/leboncoin-private/annot/img/0526.jpg,1024,768,3,"[103.37693786621094, 12.34781265258789, 959.1133422851562, 514.3128051757812]",0.9995573163032532,car,0.5462007113723504
dl/data/leboncoin-private/annot/img/0527.jpg,601,800,1,"[59.69317626953125, 261.47808837890625, 515.6045532226562, 597.73583984375]",0.9961512684822083,car,0.3188513612343981
dl/data/leboncoin-private/annot/img/0529.jpg,600,800,2,"[5.6414337158203125, 191.40890502929688, 594.7794799804688, 731.5338134765625]",0.9567102789878845,car,0.6629336110447795
dl/data/leboncoin-private/annot/img/0530.jpg,800,600,3,"[105.79833984375, 124.57697296142578, 753.1116333007812, 533.309814453125]",0.7455571293830872,truck,0.5512045870209219
dl/data/leboncoin-private/annot/img/0532.jpg,600,800,1,"[0.0, 270.7186584472656, 455.0157165527344, 740.3755493164062]",0.9897205233573914,car,0.44521097235989876
dl/data/leboncoin-private/annot/img/0534.jpg,800,600,4,"[19.636348724365234, 193.9862823486328, 755.178955078125, 558.9259643554688]",0.9988839030265808,car,0.5592264268025425
dl/data/leboncoin-private/annot/img/0537.jpg,800,752,1,"[42.10633850097656, 330.803955078125, 689.1832275390625, 743.5733032226562]",0.992367684841156,car,0.44397191769887284
dl/data/leboncoin-private/annot/img/0538.jpg,1024,577,1,"[140.57666015625, 104.3414077758789, 1005.57373046875, 529.4324340820312]",0.997387707233429,car,0.6223300956776627
dl/data/leboncoin-private/annot/img/0540.jpg,450,800,4,"[73.63687133789062, 194.8699188232422, 423.2174072265625, 505.7590026855469]",0.9989790916442871,car,0.3018910348292298
dl/data/leboncoin-private/annot/img/0541.jpg,600,800,3,"[33.737205505371094, 135.3291778564453, 558.4569091796875, 571.7819213867188]",0.9744375348091125,car,0.4771153213605156
dl/data/leboncoin-private/annot/img/0542.jpg,1024,768,1,"[13.098499298095703, 142.16610717773438, 1024.0, 670.5591430664062]",0.9992249011993408,car,0.6792110607659576
dl/data/leboncoin-private/annot/img/0543.jpg,600,800,1,"[72.34833526611328, 247.00572204589844, 521.1954345703125, 583.2817993164062]",0.9989674091339111,car,0.3144511288505462
dl/data/leboncoin-private/annot/img/0544.jpg,600,800,2,"[51.20098114013672, 176.2098846435547, 600.0, 706.1373291015625]",0.5692346096038818,truck,0.6058826283030612
dl/data/leboncoin-private/annot/img/0545.jpg,601,800,1,"[0.0, 121.15473937988281, 596.0775756835938, 757.477783203125]",0.9761507511138916,car,0.7888891375078273
dl/data/leboncoin-private/annot/img/0546.jpg,600,800,5,"[29.222671508789062, 67.19906616210938, 597.8612060546875, 626.1254272460938]",0.9937565326690674,car,0.6621397226788929
dl/data/leboncoin-private/annot/img/0547.jpg,1024,460,3,"[206.25982666015625, 0.0, 973.2120971679688, 404.327392578125]",0.9939596652984619,car,0.6583301031044001
dl/data/leboncoin-private/annot/img/0548.jpg,1024,576,1,"[13.695330619812012, 24.109466552734375, 1008.2175903320312, 566.3173828125]",0.999091625213623,car,0.9142351652569509
dl/data/leboncoin-private/annot/img/0549.jpg,1024,461,1,"[238.84046936035156, 46.44071578979492, 758.1170043945312, 442.9317626953125]",0.9993188381195068,car,0.4361453044696727
dl/data/leboncoin-private/annot/img/0552.jpg,600,800,3,"[10.954421997070312, 214.16915893554688, 504.53228759765625, 562.79541015625]",0.9847597479820251,car,0.358487918687184
dl/data/leboncoin-private/annot/img/0554.jpg,800,765,1,"[2.4585485458374023, 16.086904525756836, 798.7139892578125, 684.8833618164062]",0.97540682554245,car,0.8701516631479962
dl/data/leboncoin-private/annot/img/0560.jpg,600,800,2,"[31.14337921142578, 160.3460235595703, 591.173095703125, 548.2486572265625]",0.998360812664032,car,0.45257708741439395
dl/data/leboncoin-private/annot/img/0564.jpg,800,600,3,"[3.5199763774871826, 122.8743667602539, 751.144287109375, 511.56353759765625]",0.8585120439529419,truck,0.605403069658879
dl/data/leboncoin-private/annot/img/0565.jpg,1024,768,1,"[40.01445388793945, 262.5419006347656, 977.30322265625, 630.90576171875]",0.9851430058479309,car,0.43902500128955674
dl/data/leboncoin-private/annot/img/0567.jpg,800,800,3,"[41.545257568359375, 96.34921264648438, 656.2142333984375, 642.3798828125]",0.9895190596580505,car,0.5244189262543063
dl/data/leboncoin-private/annot/img/0568.jpg,800,545,2,"[0.28319481015205383, 3.609015703201294, 790.560791015625, 507.755859375]",0.9965866804122925,car,0.9137980636502876
dl/data/leboncoin-private/annot/img/0570.jpg,600,800,6,"[50.326515197753906, 204.08432006835938, 600.0, 731.6755981445312]",0.9969600439071655,car,0.6041727841070839
dl/data/leboncoin-private/annot/img/0574.jpg,600,800,1,"[52.419891357421875, 211.77230834960938, 496.42724609375, 562.7551879882812]",0.979874312877655,car,0.32466454155438695
dl/data/leboncoin-private/annot/img/0578.jpg,1024,768,0,,,,
dl/data/leboncoin-private/annot/img/0579.jpg,800,601,1,"[16.858736038208008, 83.92412567138672, 778.2423095703125, 565.75]",0.9955627918243408,car,0.7630081239944889
dl/data/leboncoin-private/annot/img/0582.jpg,451,800,1,"[44.30220413208008, 285.08026123046875, 422.7123107910156, 597.3092041015625]",0.997840404510498,car,0.3274683691071432
dl/data/leboncoin-private/annot/img/0584.jpg,600,800,1,"[69.45893096923828, 286.14306640625, 506.8032531738281, 670.324462890625]",0.9866153001785278,car,0.35004073426889953
dl/data/leboncoin-private/annot/img/0585.jpg,800,731,1,"[17.549135208129883, 56.983612060546875, 796.7350463867188, 699.5674438476562]",0.9816603660583496,car,0.8561769296847946
dl/data/leboncoin-private/annot/img/0586.jpg,600,800,1,"[7.509132385253906, 39.148658752441406, 599.6336669921875, 641.7759399414062]",0.9765299558639526,car,0.7433966633655364
dl/data/leboncoin-private/annot/img/0590.jpg,800,450,1,"[170.41493225097656, 137.95272827148438, 638.5570068359375, 384.9634704589844]",0.9990671277046204,car,0.32121144803451995
dl/data/leboncoin-private/annot/img/0592.jpg,800,601,1,"[62.392086029052734, 127.24586486816406, 731.7586669921875, 571.3787841796875]",0.9996147155761719,car,0.618318913670404
dl/data/leboncoin-private/annot/img/0593.jpg,1024,768,1,"[132.24322509765625, 94.35216522216797, 836.4663696289062, 586.4742431640625]",0.990728497505188,car,0.4406786056791863
dl/data/leboncoin-private/annot/img/0595.jpg,777,800,2,"[141.46812438964844, 104.53895568847656, 654.2299194335938, 525.3336181640625]",0.998744010925293,car,0.3471161944592866
dl/data/leboncoin-private/annot/img/0597.jpg,600,800,1,"[21.866958618164062, 144.4808349609375, 596.01416015625, 576.4595336914062]",0.9675958752632141,truck,0.5167070020836719
dl/data/leboncoin-private/annot/img/0600.jpg,800,600,6,"[11.677525520324707, 73.07656860351562, 659.6586303710938, 576.7925415039062]",0.985366702079773,truck,0.6799967346895316
dl/data/leboncoin-private/annot/img/0601.jpg,639,800,1,"[5.788524150848389, 0.5843033790588379, 632.6658325195312, 647.1647338867188]",0.9290319085121155,car,0.7928924098601449
dl/data/leboncoin-private/annot/img/0605.jpg,1024,473,3,"[1.5916635990142822, 43.893829345703125, 947.5774536132812, 433.2598876953125]",0.9967023730278015,car,0.7604691594389956
dl/data/leboncoin-private/annot/img/0606.jpg,600,800,6,"[0.5775833129882812, 338.45501708984375, 520.994140625, 744.2470703125]",0.9953429698944092,car,0.4399602152556404
dl/data/leboncoin-private/annot/img/0608.jpg,1024,769,3,"[11.862470626831055, 148.87503051757812, 832.1245727539062, 669.0283813476562]",0.559008777141571,car,0.5418233920121529
dl/data/leboncoin-private/annot/img/0610.jpg,800,601,2,"[117.88928985595703, 100.03749084472656, 749.4592895507812, 543.65283203125]",0.6364586353302002,car,0.5827249186726122
dl/data/leboncoin-private/annot/img/0612.jpg,1024,768,1,"[155.3946990966797, 125.4596176147461, 949.1788330078125, 616.4594116210938]",0.9720916152000427,car,0.4955900144397396
dl/data/leboncoin-private/annot/img/0613.jpg,1024,768,1,"[119.7015151977539, 231.72286987304688, 895.185791015625, 680.2406616210938]",0.9980931878089905,car,0.4422740871749431
dl/data/leboncoin-private/annot/img/0614.jpg,1024,768,1,"[60.93248748779297, 110.71379852294922, 887.2341918945312, 648.258056640625]",0.9965834021568298,car,0.5647961129210042
dl/data/leboncoin-private/annot/img/0617.jpg,1024,768,5,"[43.79880905151367, 165.479736328125, 1024.0, 755.8243408203125]",0.99937903881073,car,0.7357997695837089
dl/data/leboncoin-private/annot/img/0620.jpg,600,800,1,"[0.8592453002929688, 151.80120849609375, 592.8070678710938, 636.6358032226562]",0.9906530380249023,car,0.5979099638653861
dl/data/leboncoin-private/annot/img/0622.jpg,800,600,5,"[72.79148864746094, 128.66879272460938, 684.3139038085938, 470.6322326660156]",0.9993199110031128,car,0.43566314310370363
dl/data/leboncoin-private/annot/img/0624.jpg,717,511,2,"[11.24665355682373, 58.96501922607422, 705.65234375, 505.3255615234375]",0.882413923740387,truck,0.845977887995483
dl/data/leboncoin-private/annot/img/0626.jpg,450,800,1,"[0.42680197954177856, 185.47341918945312, 394.86700439453125, 601.6034545898438]",0.9910339713096619,car,0.4559400427619078
dl/data/leboncoin-private/annot/img/0628.jpg,600,800,2,"[73.08373260498047, 146.45233154296875, 600.0, 776.7042236328125]",0.9974606037139893,car,0.6918541135388107
dl/data/leboncoin-private/annot/img/0629.jpg,800,600,3,"[113.77949523925781, 59.315940856933594, 753.52001953125, 487.5736999511719]",0.9812405705451965,car,0.5707788402813785
dl/data/leboncoin-private/annot/img/0630.jpg,800,600,10,"[44.300048828125, 79.40185546875, 674.5, 520.9517822265625]",0.9997335076332092,car,0.5797182130889967
dl/data/leboncoin-private/annot/img/0632.jpg,600,800,1,"[30.306747436523438, 164.18179321289062, 529.5877075195312, 647.9210205078125]",0.990135133266449,car,0.5031703871533769
dl/data/leboncoin-private/annot/img/0633.jpg,1024,768,1,"[3.40938663482666, 3.446953058242798, 880.6143188476562, 572.9016723632812]",0.9828959703445435,car,0.6351833196592358
dl/data/leboncoin-private/annot/img/0634.jpg,1024,768,1,"[107.44796752929688, 154.96481323242188, 916.8271484375, 591.9801635742188]",0.9994999170303345,car,0.4497669554442787
dl/data/leboncoin-private/annot/img/0636.jpg,600,800,2,"[30.990646362304688, 181.2873077392578, 555.8408203125, 566.4388427734375]",0.9953780174255371,car,0.4211392711664041
dl/data/leboncoin-private/annot/img/0637.jpg,1024,728,2,"[50.28916549682617, 148.89585876464844, 1002.319580078125, 702.2703247070312]",0.9987844824790955,car,0.706705714272074
dl/data/leboncoin-private/annot/img/0638.jpg,600,800,2,"[47.01006317138672, 298.53399658203125, 540.955078125, 636.8013305664062]",0.9973107576370239,car,0.3480947152983979
dl/data/leboncoin-private/annot/img/0641.jpg,780,800,3,"[27.693069458007812, 136.33334350585938, 765.7857055664062, 727.5460815429688]",0.9884152412414551,car,0.6993105261517213
dl/data/leboncoin-private/annot/img/0643.jpg,600,800,2,"[6.37591552734375, 192.06336975097656, 597.5272216796875, 691.4391479492188]",0.9983893632888794,car,0.6150138407140291
dl/data/leboncoin-private/annot/img/0645.jpg,800,601,1,"[132.38258361816406, 101.91754913330078, 681.8696899414062, 380.7719421386719]",0.9982969164848328,car,0.3186915422172328
dl/data/leboncoin-private/annot/img/0648.jpg,640,422,1,"[40.43039321899414, 14.05772590637207, 599.3548583984375, 395.73291015625]",0.9945949912071228,car,0.789868180646951
dl/data/leboncoin-private/annot/img/0649.jpg,1024,768,2,"[209.18447875976562, 99.69149017333984, 918.6118774414062, 528.3216552734375]",0.9973464012145996,car,0.3866602363884537
dl/data/leboncoin-private/annot/img/0650.jpg,450,800,1,"[12.84063720703125, 225.440185546875, 449.74365234375, 561.60498046875]",0.9946731925010681,car,0.4079761457893997
dl/data/leboncoin-private/annot/img/0651.jpg,600,800,1,"[39.42572021484375, 54.36457443237305, 600.0, 468.0280456542969]",0.9551146626472473,car,0.48310229677845345
dl/data/leboncoin-private/annot/img/0654.jpg,640,400,4,"[0.0, 31.76824951171875, 632.6561279296875, 373.1881103515625]",0.9919224977493286,car,0.843755340457923
dl/data/leboncoin-private/annot/img/0655.jpg,800,600,3,"[99.94496154785156, 140.17269897460938, 718.9573974609375, 504.4814453125]",0.9995573163032532,car,0.4698159260313754
dl/data/leboncoin-private/annot/img/0657.jpg,368,800,1,"[3.3573787212371826, 277.050537109375, 358.9216613769531, 542.3722534179688]",0.9984878301620483,car,0.32044472055790935
dl/data/leboncoin-private/annot/img/0659.jpg,800,601,1,"[5.837255477905273, 0.0, 745.0834350585938, 591.0458984375]",0.9696146845817566,car,0.9087529583543209
dl/data/leboncoin-private/annot/img/0663.jpg,800,450,1,"[166.0202178955078, 107.41576385498047, 645.8654174804688, 414.1426086425781]",0.9819858074188232,car,0.4088372334865837
dl/data/leboncoin-private/annot/img/0664.jpg,602,800,1,"[22.876270294189453, 161.8593292236328, 445.4148864746094, 567.8338623046875]",0.9970260262489319,car,0.35618753615564985
dl/data/leboncoin-private/annot/img/0665.jpg,1024,768,6,"[7.913871765136719, 136.24740600585938, 941.3911743164062, 700.9033813476562]",0.7508939504623413,truck,0.6702340910994424
dl/data/leboncoin-private/annot/img/0670.jpg,1024,768,1,"[156.5263214111328, 189.47860717773438, 951.6184692382812, 653.1401977539062]",0.9977980852127075,car,0.46876740762858127
dl/data/leboncoin-private/annot/img/0671.jpg,958,800,2,"[87.89035034179688, 25.550048828125, 958.0, 745.9650268554688]",0.9508203864097595,car,0.8179019104121792
dl/data/leboncoin-private/annot/img/0672.jpg,600,800,1,"[7.462715148925781, 167.4114532470703, 600.0, 605.098388671875]",0.9239503145217896,car,0.5403038090237525
dl/data/leboncoin-private/annot/img/0676.jpg,600,800,6,"[33.70033264160156, 286.0282897949219, 585.9109497070312, 627.0317993164062]",0.9996414184570312,car,0.39230366336320005
dl/data/leboncoin-private/annot/img/0677.jpg,600,800,3,"[22.286636352539062, 171.60060119628906, 599.1375122070312, 586.347900390625]",0.9881637692451477,car,0.49843196416362046
dl/data/leboncoin-private/annot/img/0678.jpg,800,611,2,"[156.45018005371094, 140.28628540039062, 666.0172119140625, 440.8092346191406]",0.9986166954040527,car,0.3132908904241358
dl/data/leboncoin-private/annot/img/0681.jpg,600,800,1,"[45.09770965576172, 277.1894226074219, 547.427734375, 643.7804565429688]",0.999397873878479,car,0.3836451732056133
dl/data/leboncoin-private/annot/img/0683.jpg,800,493,2,"[51.670654296875, 70.39070892333984, 776.468017578125, 381.0186767578125]",0.9995673298835754,car,0.5708476978900576
dl/data/leboncoin-private/annot/img/0685.jpg,1024,454,2,"[13.127203941345215, 7.462409973144531, 949.2520751953125, 425.0273132324219]",0.9962871074676514,car,0.8408179276736437
dl/data/leboncoin-private/annot/img/0689.jpg,1024,768,1,"[11.156719207763672, 151.5742950439453, 999.9692993164062, 669.98974609375]",0.9994695782661438,car,0.65182459477837
dl/data/leboncoin-private/annot/img/0693.jpg,1024,768,2,"[13.144083976745605, 22.60628890991211, 961.9205932617188, 744.2350463867188]",0.947809100151062,car,0.8705958220399183
dl/data/leboncoin-private/annot/img/0695.jpg,359,800,1,"[0.0, 251.53094482421875, 354.5644836425781, 509.5075988769531]",0.9963207244873047,car,0.3184866265182722
dl/data/leboncoin-private/annot/img/0698.jpg,800,600,3,"[111.85973358154297, 182.1551971435547, 686.6138305664062, 505.3702697753906]",0.9993903636932373,car,0.38701914000501636
dl/data/leboncoin-private/annot/img/0700.jpg,1024,699,1,"[11.876681327819824, 64.31803131103516, 697.1127319335938, 692.9666137695312]",0.9793119430541992,car,0.6018260906523523
dl/data/leboncoin-private/annot/img/0701.jpg,600,800,2,"[0.0, 139.22987365722656, 535.6256103515625, 693.4144287109375]",0.617139458656311,truck,0.6184071678084437
dl/data/leboncoin-private/annot/img/0702.jpg,800,601,3,"[146.96177673339844, 95.20358276367188, 739.8170776367188, 529.9561157226562]",0.9995988011360168,car,0.536076006127037
dl/data/leboncoin-private/annot/img/0704.jpg,800,600,3,"[2.708449363708496, 85.96343994140625, 791.5946044921875, 568.2471923828125]",0.9985852241516113,car,0.7926395315509087
dl/data/leboncoin-private/annot/img/0705.jpg,1024,768,3,"[72.71543884277344, 162.9972381591797, 825.196044921875, 689.522216796875]",0.9408881664276123,car,0.5037941424574267
dl/data/leboncoin-private/annot/img/0706.jpg,800,600,3,"[1.368309736251831, 24.70671844482422, 757.8319091796875, 582.6455078125]",0.9964144229888916,car,0.8792924684878852
dl/data/leboncoin-private/annot/img/0707.jpg,600,800,4,"[64.1480941772461, 346.7109375, 566.2503662109375, 681.9200439453125]",0.9979833364486694,car,0.3506442790678644
dl/data/leboncoin-private/annot/img/0709.jpg,451,800,3,"[15.851712226867676, 236.9658660888672, 451.0000305175781, 606.8317260742188]",0.6076955199241638,truck,0.44608233637963723
dl/data/leboncoin-private/annot/img/0710.jpg,800,800,1,"[96.63296508789062, 168.94522094726562, 800.0, 721.0396728515625]",0.9983921647071838,car,0.6067578712927366
dl/data/leboncoin-private/annot/img/0711.jpg,800,600,2,"[0.0, 116.06950378417969, 795.3074340820312, 586.8246459960938]",0.999256432056427,car,0.7799897171530814
dl/data/leboncoin-private/annot/img/0712.jpg,800,600,1,"[0.917565643787384, 69.60502624511719, 634.9369506835938, 595.3827514648438]",0.9696818590164185,car,0.6944859791904986
dl/data/leboncoin-private/annot/img/0713.jpg,1024,768,4,"[50.99961853027344, 103.25686645507812, 861.216552734375, 709.8005981445312]",0.994999885559082,car,0.6248881057105304
dl/data/leboncoin-private/annot/img/0714.jpg,600,800,2,"[113.72538757324219, 116.68235778808594, 599.3936767578125, 727.6649169921875]",0.9842627644538879,car,0.6181976130213884
dl/data/leboncoin-private/annot/img/0718.jpg,451,800,1,"[1.466327428817749, 342.8922424316406, 449.0055847167969, 595.0573120117188]",0.9990800619125366,car,0.31278760519356913
dl/data/leboncoin-private/annot/img/0719.jpg,600,800,1,"[75.4002456665039, 281.29766845703125, 534.4991455078125, 621.342041015625]",0.9938588738441467,car,0.3252374944559968
dl/data/leboncoin-private/annot/img/0720.jpg,600,800,4,"[0.0, 194.43707275390625, 571.3935546875, 704.2796630859375]",0.947003185749054,car,0.6069182708768794
dl/data/leboncoin-private/annot/img/0721.jpg,370,800,1,"[0.957339882850647, 238.837646484375, 370.0, 573.7654418945312]",0.9171916246414185,car,0.4175765019099204
dl/data/leboncoin-private/annot/img/0723.jpg,739,800,1,"[25.117948532104492, 94.44348907470703, 739.0, 518.828369140625]",0.9991003274917603,car,0.51245052231633
dl/data/leboncoin-private/annot/img/0726.jpg,800,600,9,"[114.73526000976562, 38.336036682128906, 595.8256225585938, 530.886474609375]",0.9885480403900146,car,0.49366930990833935
dl/data/leboncoin-private/annot/img/0728.jpg,800,600,2,"[0.0, 0.0, 710.6076049804688, 585.3754272460938]",0.8667436242103577,truck,0.8666088132703444
dl/data/leboncoin-private/annot/img/0729.jpg,1024,497,2,"[68.01556396484375, 60.721763610839844, 822.5072021484375, 350.25347900390625]",0.9995631575584412,car,0.4292341121986228
dl/data/leboncoin-private/annot/img/0730.jpg,800,600,2,"[126.71028900146484, 140.2967529296875, 617.5104370117188, 455.43499755859375]",0.9976174235343933,car,0.32222895230741416
dl/data/leboncoin-private/annot/img/0731.jpg,800,601,1,"[60.51667785644531, 119.523193359375, 731.6060791015625, 552.291748046875]",0.9905695915222168,car,0.6040482326184466
dl/data/leboncoin-private/annot/img/0733.jpg,800,600,1,"[44.95448684692383, 105.19017028808594, 754.521484375, 484.9710693359375]",0.9990516304969788,car,0.5614166505331196
dl/data/leboncoin-private/annot/img/0734.jpg,1024,768,1,"[105.97525787353516, 14.8931245803833, 1024.0, 757.5095825195312]",0.9944688081741333,car,0.8668775969167773
dl/data/leboncoin-private/annot/img/0735.jpg,600,800,1,"[37.56166076660156, 339.85845947265625, 560.987548828125, 642.4921264648438]",0.9990622401237488,car,0.3300131164639606
dl/data/leboncoin-private/annot/img/0736.jpg,1024,768,6,"[67.73332214355469, 192.93280029296875, 931.5939331054688, 529.7076416015625]",0.9980363249778748,car,0.3699322003293908
dl/data/leboncoin-private/annot/img/0738.jpg,450,800,3,"[0.0, 186.81161499023438, 435.7568359375, 576.6971435546875]",0.9942159056663513,car,0.47193134529184966
dl/data/leboncoin-private/annot/img/0741.jpg,600,800,1,"[128.0785675048828, 154.32115173339844, 575.8721923828125, 566.4241943359375]",0.9959436058998108,car,0.3844523234796143
dl/data/leboncoin-private/annot/img/0742.jpg,600,800,7,"[76.97051239013672, 277.3128356933594, 570.248046875, 634.5064086914062]",0.9990328550338745,car,0.3670740937964908
dl/data/leboncoin-private/annot/img/0747.jpg,450,800,2,"[3.1454596519470215, 158.52183532714844, 450.0, 625.5752563476562]",0.8462685346603394,car,0.5797359493558463
dl/data/leboncoin-private/annot/img/0749.jpg,1024,768,1,"[135.19590759277344, 139.48904418945312, 962.2254638671875, 716.7938842773438]",0.9995672106742859,car,0.6071067374330644
dl/data/leboncoin-private/annot/img/0750.jpg,600,800,1,"[18.35442352294922, 263.053466796875, 563.378173828125, 530.0457763671875]",0.9995843768119812,car,0.3031607288846921
dl/data/leboncoin-private/annot/img/0751.jpg,450,800,1,"[3.283247232437134, 170.16810607910156, 444.73468017578125, 564.5032958984375]",0.9970397353172302,car,0.4835550961270318
dl/data/leboncoin-private/annot/img/0753.jpg,600,800,3,"[10.077644348144531, 198.41871643066406, 600.0, 642.2514038085938]",0.5900228023529053,truck,0.5454725509443371
dl/data/leboncoin-private/annot/img/0755.jpg,600,800,2,"[70.30233764648438, 291.1221618652344, 532.7872314453125, 628.964111328125]",0.9989707469940186,car,0.32551416274611256
dl/data/leboncoin-private/annot/img/0756.jpg,595,800,1,"[25.614864349365234, 252.3612060546875, 551.958251953125, 631.4637451171875]",0.9804167151451111,car,0.41919771987256915
dl/data/leboncoin-private/annot/img/0757.jpg,1024,768,2,"[0.959251880645752, 39.239707946777344, 1003.1141967773438, 762.1486206054688]",0.9040144085884094,car,0.9212070993179357
dl/data/leboncoin-private/annot/img/0758.jpg,1024,461,1,"[75.37969207763672, 0.0, 1024.0, 453.68798828125]",0.8507490158081055,car,0.9116934126390425
dl/data/leboncoin-private/annot/img/0760.jpg,1024,720,2,"[6.720591068267822, 1.8380675315856934, 1023.3948974609375, 705.4913940429688]",0.6220932006835938,bus,0.9703047114689874
dl/data/leboncoin-private/annot/img/0763.jpg,600,800,4,"[88.90459442138672, 73.23565673828125, 598.1434936523438, 690.5389404296875]",0.9877504706382751,car,0.6549059264138893
dl/data/leboncoin-private/annot/img/0764.jpg,1024,768,1,"[16.437734603881836, 229.93763732910156, 1012.062255859375, 657.5701293945312]",0.9992772936820984,car,0.5413836100081596
dl/data/leboncoin-private/annot/img/0765.jpg,450,800,1,"[0.0, 205.2276153564453, 447.97088623046875, 510.931396484375]",0.9986469149589539,car,0.38040664932189977
dl/data/leboncoin-private/annot/img/0768.jpg,1024,570,4,"[49.19237518310547, 19.61598014831543, 873.4522094726562, 366.0791931152344]",0.9991552829742432,car,0.4892675961272237
dl/data/leboncoin-private/annot/img/0772.jpg,1024,434,9,"[67.40913391113281, 72.34197235107422, 979.7206420898438, 421.75848388671875]",0.5848648548126221,truck,0.7172934921821622
dl/data/leboncoin-private/annot/img/0773.jpg,1024,573,2,"[33.68975067138672, 36.54780197143555, 991.4655151367188, 544.595947265625]",0.95225989818573,car,0.8293047160373316
dl/data/leboncoin-private/annot/img/0775.jpg,720,536,7,"[52.1661376953125, 103.6802978515625, 616.5573120117188, 475.92034912109375]",0.999224066734314,car,0.5443848457286744
dl/data/leboncoin-private/annot/img/0776.jpg,600,800,9,"[13.537673950195312, 90.38972473144531, 596.0509033203125, 723.7579345703125]",0.9988836646080017,car,0.7686361693616844
dl/data/leboncoin-private/annot/img/0778.jpg,1024,577,1,"[57.71361541748047, 94.65337371826172, 850.9116821289062, 542.1605834960938]",0.9997273087501526,car,0.6007667854256946
dl/data/leboncoin-private/annot/img/0779.jpg,800,600,2,"[44.3801155090332, 136.24266052246094, 592.8480224609375, 489.04925537109375]",0.9923925399780273,car,0.40313144715720445
dl/data/leboncoin-private/annot/img/0780.jpg,600,800,1,"[52.24207305908203, 304.19720458984375, 551.7919921875, 640.4198608398438]",0.9998025298118591,car,0.3499166682058945
dl/data/leboncoin-private/annot/img/0781.jpg,600,800,4,"[1.4136428833007812, 0.0, 560.185546875, 574.492919921875]",0.9251432418823242,car,0.6687718806135352
dl/data/leboncoin-private/annot/img/0782.jpg,1024,768,1,"[89.8718032836914, 150.19862365722656, 953.0646362304688, 754.2300415039062]",0.9949473142623901,car,0.6629887781269507
dl/data/leboncoin-private/annot/img/0784.jpg,1024,768,2,"[72.87347412109375, 255.8496551513672, 959.9423217773438, 578.3172607421875]",0.9998047947883606,car,0.3637326142602528
dl/data/leboncoin-private/annot/img/0785.jpg,961,660,1,"[77.35455322265625, 207.2933807373047, 907.71630859375, 641.960205078125]",0.9996265172958374,car,0.5690579687529127
dl/data/leboncoin-private/annot/img/0786.jpg,800,578,10,"[82.56758880615234, 33.67924880981445, 739.2809448242188, 527.3646850585938]",0.8918344974517822,car,0.7011458037547125
dl/data/leboncoin-private/annot/img/0787.jpg,1024,768,1,"[122.4756088256836, 215.09036254882812, 875.0945434570312, 587.3042602539062]",0.9996362924575806,car,0.35621036166607833
dl/data/leboncoin-private/annot/img/0788.jpg,800,600,2,"[147.6439208984375, 126.20191955566406, 620.4301147460938, 482.97039794921875]",0.7793716192245483,car,0.3514066895510594
dl/data/leboncoin-private/annot/img/0789.jpg,603,800,3,"[12.155990600585938, 37.774375915527344, 603.0, 602.9471435546875]",0.962174117565155,car,0.6922241791776219
dl/data/leboncoin-private/annot/img/0790.jpg,600,800,1,"[58.189476013183594, 187.0961151123047, 492.2939758300781, 563.2189331054688]",0.989373505115509,car,0.34015959953050695
dl/data/leboncoin-private/annot/img/0791.jpg,598,800,11,"[42.94919967651367, 328.36016845703125, 575.0457763671875, 654.7080688476562]",0.9992666840553284,car,0.3629778440803524
dl/data/leboncoin-private/annot/img/0792.jpg,1024,768,4,"[57.31669235229492, 8.267958641052246, 972.1517333984375, 701.1188354492188]",0.9749005436897278,car,0.8059746555629156
dl/data/leboncoin-private/annot/img/0793.jpg,360,800,1,"[0.0, 231.16494750976562, 360.0, 526.1008911132812]",0.9976894855499268,car,0.36866992950439453
dl/data/leboncoin-private/annot/img/0794.jpg,601,800,2,"[69.52389526367188, 243.297607421875, 538.0291137695312, 563.7438354492188]",0.9953383207321167,car,0.3122519344453601
dl/data/leboncoin-private/annot/img/0795.jpg,1024,767,2,"[38.94071960449219, 132.09347534179688, 1011.65966796875, 727.5626220703125]",0.9926983714103699,car,0.7374818211542582
dl/data/leboncoin-private/annot/img/0796.jpg,1024,578,2,"[0.0, 134.1109619140625, 957.4072875976562, 561.6203002929688]",0.996336817741394,car,0.6915355956693631
dl/data/leboncoin-private/annot/img/0799.jpg,800,601,1,"[165.3302459716797, 0.22956135869026184, 755.002197265625, 565.922119140625]",0.9958213567733765,car,0.6937875091092686
dl/data/leboncoin-private/annot/img/0800.jpg,1024,768,1,"[23.330381393432617, 204.58685302734375, 975.7619018554688, 594.2374877929688]",0.9802276492118835,car,0.4718978201787589
