fichier,verdict
0002.jpg,jeter
0005.jpg,jeter
0006.jpg,abime
0007.jpg,intact
0008.jpg,intact
0009.jpg,jeter
0013.jpg,abime
0014.jpg,abime
0015.jpg,jeter
0016.jpg,intact
0018.jpg,jeter
0019.jpg,intact
0020.jpg,abime
0021.jpg,intact
0022.jpg,intact
0023.jpg,jeter
0025.jpg,intact
0026.jpg,jeter
0027.jpg,jeter
0028.jpg,intact
0029.jpg,jeter
0031.jpg,intact
0032.jpg,intact
0033.jpg,jeter
0034.jpg,intact
0035.jpg,intact
0037.jpg,intact
0038.jpg,intact
0040.jpg,intact
0042.jpg,intact
0043.jpg,intact
0044.jpg,jeter
0046.jpg,intact
0047.jpg,abime
0048.jpg,abime
0049.jpg,intact
0050.jpg,jeter
0051.jpg,abime
0052.jpg,intact
0054.jpg,intact
0055.jpg,intact
0056.jpg,intact
0057.jpg,intact
0059.jpg,intact
0060.jpg,intact
0063.jpg,jeter
0064.jpg,jeter
0065.jpg,jeter
0066.jpg,intact
0067.jpg,intact
0068.jpg,intact
0069.jpg,jeter
0071.jpg,jeter
0072.jpg,abime
0073.jpg,jeter
0074.jpg,jeter
0076.jpg,intact
0077.jpg,intact
0078.jpg,intact
0081.jpg,jeter
0082.jpg,jeter
0083.jpg,intact
0084.jpg,intact
0086.jpg,abime
0088.jpg,intact
0089.jpg,intact
0090.jpg,abime
0093.jpg,intact
0095.jpg,abime
0096.jpg,abime
0097.jpg,jeter
0098.jpg,intact
0099.jpg,intact
0100.jpg,intact
0101.jpg,jeter
0102.jpg,abime
0103.jpg,intact
0104.jpg,intact
0105.jpg,jeter
0106.jpg,intact
0107.jpg,abime
0108.jpg,abime
0109.jpg,jeter
0110.jpg,intact
0111.jpg,jeter
0112.jpg,intact
0113.jpg,intact
0114.jpg,intact
0115.jpg,intact
0116.jpg,intact
0117.jpg,intact
0118.jpg,intact
0120.jpg,intact
0121.jpg,abime
0122.jpg,intact
0123.jpg,jeter
0124.jpg,intact
0125.jpg,intact
0126.jpg,abime
0127.jpg,intact
0128.jpg,intact
0129.jpg,jeter
0130.jpg,jeter
0131.jpg,intact
0132.jpg,abime
0134.jpg,jeter
0135.jpg,intact
0136.jpg,intact
0137.jpg,intact
0138.jpg,jeter
0139.jpg,abime
0140.jpg,abime
0141.jpg,jeter
0142.jpg,jeter
0143.jpg,intact
0144.jpg,intact
0145.jpg,jeter
0147.jpg,jeter
0148.jpg,jeter
0150.jpg,intact
0151.jpg,jeter
0152.jpg,jeter
0153.jpg,intact
0154.jpg,intact
0156.jpg,jeter
0158.jpg,intact
0159.jpg,intact
0160.jpg,intact
0161.jpg,intact
0162.jpg,jeter
0163.jpg,intact
0164.jpg,intact
0165.jpg,intact
0166.jpg,jeter
0167.jpg,intact
0168.jpg,intact
0170.jpg,intact
0172.jpg,intact
0173.jpg,intact
0174.jpg,jeter
0175.jpg,jeter
0177.jpg,intact
0178.jpg,abime
0179.jpg,jeter
0180.jpg,intact
0181.jpg,intact
0182.jpg,jeter
0183.jpg,intact
0184.jpg,intact
0185.jpg,jeter
0186.jpg,intact
0187.jpg,jeter
0188.jpg,abime
0189.jpg,intact
0190.jpg,intact
0191.jpg,intact
0192.jpg,intact
0193.jpg,abime
0195.jpg,jeter
0198.jpg,intact
0199.jpg,intact
0200.jpg,intact
0202.jpg,intact
0203.jpg,abime
0204.jpg,intact
0205.jpg,abime
0206.jpg,intact
0207.jpg,intact
0209.jpg,intact
0210.jpg,intact
0211.jpg,jeter
0213.jpg,abime
0214.jpg,jeter
0215.jpg,abime
0216.jpg,abime
0217.jpg,jeter
0218.jpg,intact
0219.jpg,intact
0220.jpg,intact
0221.jpg,jeter
0223.jpg,intact
0224.jpg,intact
0225.jpg,abime
0226.jpg,jeter
0227.jpg,intact
0228.jpg,intact
0229.jpg,abime
0231.jpg,intact
0232.jpg,jeter
0234.jpg,intact
0235.jpg,intact
0236.jpg,intact
0238.jpg,jeter
0239.jpg,jeter
0240.jpg,abime
0241.jpg,jeter
0243.jpg,abime
0244.jpg,abime
0245.jpg,intact
0247.jpg,abime
0248.jpg,intact
0249.jpg,intact
0250.jpg,intact
0251.jpg,intact
0252.jpg,intact
0254.jpg,abime
0255.jpg,jeter
0256.jpg,intact
0257.jpg,intact
0258.jpg,intact
0259.jpg,intact
0260.jpg,abime
0261.jpg,intact
0262.jpg,intact
0264.jpg,jeter
0265.jpg,intact
0267.jpg,abime
0271.jpg,abime
0273.jpg,intact
0274.jpg,jeter
0275.jpg,intact
0276.jpg,intact
0278.jpg,abime
0279.jpg,abime
0280.jpg,abime
0281.jpg,intact
0282.jpg,intact
0284.jpg,intact
0285.jpg,abime
0286.jpg,intact
0287.jpg,abime
0288.jpg,intact
0290.jpg,abime
0292.jpg,abime
0294.jpg,intact
0295.jpg,intact
0296.jpg,jeter
0297.jpg,jeter
0298.jpg,intact
0299.jpg,intact
0300.jpg,abime
0301.jpg,abime
0302.jpg,jeter
0304.jpg,jeter
0306.jpg,abime
0307.jpg,intact
0308.jpg,intact
0309.jpg,intact
0310.jpg,jeter
0311.jpg,intact
0312.jpg,jeter
0313.jpg,intact
0314.jpg,abime
0315.jpg,intact
0317.jpg,intact
0318.jpg,jeter
0319.jpg,intact
0320.jpg,intact
0321.jpg,intact
0322.jpg,intact
0323.jpg,jeter
0324.jpg,abime
0326.jpg,intact
0327.jpg,intact
0328.jpg,intact
0329.jpg,jeter
0331.jpg,jeter
0332.jpg,intact
0334.jpg,jeter
0335.jpg,jeter
0336.jpg,intact
0337.jpg,abime
0338.jpg,intact
0339.jpg,intact
0341.jpg,abime
0342.jpg,intact
0343.jpg,jeter
0345.jpg,intact
0346.jpg,intact
0347.jpg,intact
0349.jpg,intact
0350.jpg,jeter
0351.jpg,intact
0352.jpg,abime
0353.jpg,intact
0354.jpg,intact
0355.jpg,jeter
0356.jpg,intact
0357.jpg,abime
0358.jpg,intact
0359.jpg,abime
0360.jpg,abime
0362.jpg,jeter
0363.jpg,intact
0364.jpg,abime
0365.jpg,intact
0366.jpg,intact
0367.jpg,intact
0368.jpg,intact
0369.jpg,intact
0370.jpg,jeter
0371.jpg,intact
0372.jpg,jeter
0374.jpg,intact
0375.jpg,intact
0376.jpg,jeter
0378.jpg,jeter
0380.jpg,jeter
0382.jpg,jeter
0383.jpg,intact
0384.jpg,intact
0385.jpg,intact
0386.jpg,jeter
0387.jpg,intact
0388.jpg,abime
0389.jpg,intact
0390.jpg,intact
0391.jpg,intact
0392.jpg,jeter
0395.jpg,intact
0396.jpg,jeter
0397.jpg,intact
0398.jpg,jeter
0399.jpg,intact
0400.jpg,jeter
0401.jpg,intact
0402.jpg,jeter
0403.jpg,intact
0404.jpg,abime
0406.jpg,jeter
0407.jpg,abime
0408.jpg,intact
0410.jpg,abime
0411.jpg,intact
0414.jpg,jeter
0415.jpg,abime
0417.jpg,intact
0418.jpg,abime
0419.jpg,jeter
0420.jpg,intact
0421.jpg,abime
0422.jpg,jeter
0423.jpg,abime
0425.jpg,intact
0426.jpg,intact
0427.jpg,jeter
0428.jpg,intact
0430.jpg,intact
0431.jpg,jeter
0432.jpg,intact
0433.jpg,abime
0434.jpg,abime
0435.jpg,intact
0437.jpg,intact
0438.jpg,jeter
0439.jpg,intact
0440.jpg,abime
0441.jpg,intact
0444.jpg,intact
0445.jpg,intact
0446.jpg,intact
0448.jpg,jeter
0450.jpg,intact
0451.jpg,intact
0452.jpg,intact
0453.jpg,abime
0455.jpg,jeter
0457.jpg,abime
0458.jpg,abime
0459.jpg,intact
0460.jpg,jeter
0461.jpg,intact
0462.jpg,intact
0463.jpg,intact
0464.jpg,jeter
0465.jpg,abime
0466.jpg,intact
0468.jpg,abime
0469.jpg,intact
0470.jpg,abime
0471.jpg,abime
0473.jpg,jeter
0475.jpg,abime
0476.jpg,jeter
0478.jpg,intact
0479.jpg,intact
0480.jpg,intact
0484.jpg,intact
0485.jpg,intact
0487.jpg,intact
0488.jpg,intact
0489.jpg,intact
0490.jpg,jeter
0491.jpg,intact
0492.jpg,abime
0495.jpg,jeter
0497.jpg,intact
0498.jpg,abime
0499.jpg,intact
0500.jpg,intact
0501.jpg,intact
0502.jpg,jeter
0503.jpg,abime
0504.jpg,intact
0505.jpg,jeter
0506.jpg,intact
0507.jpg,abime
0508.jpg,intact
0509.jpg,intact
0510.jpg,jeter
0511.jpg,intact
0513.jpg,abime
0514.jpg,intact
0515.jpg,intact
0516.jpg,jeter
0517.jpg,abime
0519.jpg,jeter
0520.jpg,abime
0521.jpg,intact
0522.jpg,intact
0523.jpg,intact
0524.jpg,intact
0525.jpg,intact
0526.jpg,intact
0527.jpg,intact
0528.jpg,jeter
0529.jpg,intact
0530.jpg,intact
0532.jpg,intact
0534.jpg,intact
0537.jpg,intact
0538.jpg,intact
0539.jpg,jeter
0540.jpg,intact
0541.jpg,intact
0542.jpg,intact
0543.jpg,intact
0544.jpg,intact
0545.jpg,intact
0546.jpg,intact
0547.jpg,intact
0548.jpg,intact
0549.jpg,intact
0550.jpg,jeter
0551.jpg,jeter
0552.jpg,abime
0554.jpg,intact
0557.jpg,jeter
0559.jpg,jeter
0560.jpg,abime
0564.jpg,intact
0565.jpg,intact
0567.jpg,intact
0568.jpg,intact
0570.jpg,intact
0572.jpg,jeter
0574.jpg,intact
0575.jpg,jeter
0576.jpg,jeter
0577.jpg,jeter
0578.jpg,intact
0579.jpg,intact
0580.jpg,jeter
0581.jpg,jeter
0582.jpg,intact
0584.jpg,intact
0585.jpg,intact
0586.jpg,intact
0588.jpg,jeter
0589.jpg,jeter
0590.jpg,intact
0591.jpg,jeter
0592.jpg,intact
0593.jpg,intact
0594.jpg,jeter
0595.jpg,intact
0597.jpg,intact
0599.jpg,jeter
0600.jpg,intact
0601.jpg,abime
0602.jpg,jeter
0603.jpg,jeter
0605.jpg,intact
0606.jpg,intact
0608.jpg,abime
0610.jpg,intact
0612.jpg,intact
0613.jpg,intact
0614.jpg,intact
0616.jpg,jeter
0617.jpg,intact
0620.jpg,intact
0621.jpg,jeter
0622.jpg,intact
0623.jpg,jeter
0624.jpg,abime
0626.jpg,intact
0627.jpg,jeter
0628.jpg,abime
0629.jpg,intact
0630.jpg,intact
0632.jpg,intact
0633.jpg,abime
0634.jpg,intact
0635.jpg,jeter
0636.jpg,intact
0637.jpg,intact
0638.jpg,intact
0641.jpg,intact
0642.jpg,jeter
0643.jpg,intact
0644.jpg,jeter
0645.jpg,intact
0646.jpg,jeter
0648.jpg,intact
0649.jpg,intact
0650.jpg,intact
0651.jpg,abime
0652.jpg,jeter
0654.jpg,intact
0655.jpg,intact
0656.jpg,jeter
0657.jpg,abime
0658.jpg,jeter
0659.jpg,intact
0661.jpg,jeter
0663.jpg,abime
0664.jpg,intact
0665.jpg,intact
0666.jpg,jeter
0667.jpg,jeter
0669.jpg,jeter
0670.jpg,intact
0671.jpg,intact
0672.jpg,intact
0673.jpg,jeter
0676.jpg,intact
0677.jpg,intact
0678.jpg,intact
0679.jpg,jeter
0680.jpg,jeter
0681.jpg,intact
0682.jpg,jeter
0683.jpg,intact
0685.jpg,intact
0686.jpg,jeter
0687.jpg,jeter
0689.jpg,intact
0690.jpg,jeter
0693.jpg,intact
0695.jpg,intact
0696.jpg,jeter
0697.jpg,jeter
0698.jpg,intact
0700.jpg,abime
0701.jpg,abime
0702.jpg,intact
0703.jpg,jeter
0704.jpg,intact
0705.jpg,intact
0706.jpg,intact
0707.jpg,intact
0708.jpg,jeter
0709.jpg,intact
0710.jpg,intact
0711.jpg,intact
0712.jpg,abime
0713.jpg,intact
0714.jpg,intact
0715.jpg,jeter
0716.jpg,jeter
0717.jpg,jeter
0718.jpg,intact
0719.jpg,intact
0720.jpg,intact
0721.jpg,intact
0722.jpg,jeter
0723.jpg,intact
0725.jpg,jeter
0726.jpg,intact
0728.jpg,intact
0729.jpg,intact
0730.jpg,intact
0731.jpg,intact
0732.jpg,jeter
0733.jpg,intact
0734.jpg,intact
0735.jpg,intact
0736.jpg,intact
0737.jpg,jeter
0738.jpg,intact
0739.jpg,jeter
0740.jpg,jeter
0741.jpg,intact
0742.jpg,intact
0743.jpg,jeter
0744.jpg,jeter
0745.jpg,jeter
0747.jpg,intact
0748.jpg,jeter
0749.jpg,intact
0750.jpg,intact
0751.jpg,intact
0752.jpg,jeter
0753.jpg,abime
0755.jpg,intact
0756.jpg,intact
0757.jpg,abime
0758.jpg,abime
0759.jpg,jeter
0760.jpg,abime
0761.jpg,jeter
0762.jpg,jeter
0763.jpg,intact
0764.jpg,abime
0765.jpg,abime
0766.jpg,jeter
0767.jpg,jeter
0768.jpg,intact
0769.jpg,jeter
0770.jpg,jeter
0771.jpg,jeter
0772.jpg,intact
0773.jpg,intact
0774.jpg,jeter
0775.jpg,intact
0776.jpg,intact
0778.jpg,intact
0779.jpg,intact
0780.jpg,intact
0781.jpg,intact
0782.jpg,abime
0784.jpg,intact
0785.jpg,intact
0786.jpg,intact
0787.jpg,intact
0788.jpg,intact
0789.jpg,abime
0790.jpg,intact
0791.jpg,intact
0792.jpg,intact
0793.jpg,intact
0794.jpg,intact
0795.jpg,intact
0796.jpg,abime
0797.jpg,jeter
0799.jpg,intact
0800.jpg,intact
