fichier,case
3239696003.jpg,-1
3240478077.jpg,1
3240478077.jpg,2
3240478077.jpg,4
3239200201.jpg,1
3240311634.jpg,1
3240311634.jpg,4
3239622624.jpg,-1
3240415941.jpg,-1
3240374400.jpg,-1
3240387352.jpg,0
3240387352.jpg,1
3240387352.jpg,4
3240387352.jpg,5
3240326409.jpg,-1
3240099536.jpg,-1
3239412856.jpg,1
3239412856.jpg,4
3240404350.jpg,0
3240404350.jpg,1
3240404350.jpg,4
3240404350.jpg,5
3222137133.jpg,-1
3240338879.jpg,-1
3240363630.jpg,2
3240363630.jpg,3
3240363630.jpg,4
3240363630.jpg,5
2853808581.jpg,-1
3240373184.jpg,1
3240373184.jpg,2
3240373184.jpg,3
3240373184.jpg,4
3240405769.jpg,-1
3240172635.jpg,-1
3239483743.jpg,-1
3217494018.jpg,-1
3223301080.jpg,0
3223301080.jpg,1
3223301080.jpg,2
3205835087.jpg,3
3205835087.jpg,4
3205835087.jpg,5
3217573580.jpg,0
3217573580.jpg,1
3217573580.jpg,3
3217573580.jpg,4
3217573580.jpg,5
3240457933.jpg,1
3240457933.jpg,4
3240457933.jpg,5
3169368593.jpg,1
3169368593.jpg,2
3169368593.jpg,3
3169368593.jpg,4
3169368593.jpg,5
3240330088.jpg,0
3240330088.jpg,1
3240330088.jpg,2
3240330088.jpg,4
3240330088.jpg,5
3240109489.jpg,-1
3240357918.jpg,1
3240357918.jpg,2
3240357918.jpg,3
3240357918.jpg,4
3240477163.jpg,-1
3240451583.jpg,-1
3240145467.jpg,-1
3240366138.jpg,1
3240366138.jpg,2
3240366138.jpg,4
3240479497.jpg,2
3240479497.jpg,4
3240192419.jpg,1
3240192419.jpg,4
3235773233.jpg,0
3235773233.jpg,1
3235773233.jpg,2
3235773233.jpg,3
3235773233.jpg,4
3235773233.jpg,5
3240189958.jpg,1
3240141241.jpg,0
3240141241.jpg,4
3240379726.jpg,0
3240379726.jpg,1
3240379726.jpg,2
3240379726.jpg,3
3240379726.jpg,4
3140415125.jpg,3
3240463517.jpg,5
3240356303.jpg,-1
3239481306.jpg,-1
3239940014.jpg,-1
3161744844.jpg,-1
3239625234.jpg,-1
3240373417.jpg,-1
3239094551.jpg,1
3239094551.jpg,2
3239094551.jpg,4
3240477462.jpg,0
3240477462.jpg,1
3240477462.jpg,4
3240477462.jpg,5
3238004171.jpg,1
3238004171.jpg,2
3238004171.jpg,4
3240293444.jpg,0
3240293444.jpg,1
3240293444.jpg,4
3240384631.jpg,1
3240400673.jpg,0
3240400673.jpg,1
3240400673.jpg,3
3240400673.jpg,4
3240400673.jpg,5
3240099823.jpg,-1
3240299286.jpg,1
3240299286.jpg,2
3240355412.jpg,-1
3240377771.jpg,-1
3231391658.jpg,1
3231391658.jpg,2
3231391658.jpg,3
3231391658.jpg,4
3231391658.jpg,5
3240481213.jpg,0
3240481213.jpg,1
3240481213.jpg,3
3240481213.jpg,4
3240481213.jpg,5
3239817223.jpg,0
3239817223.jpg,1
3239817223.jpg,2
3239817223.jpg,4
3239753158.jpg,-1
3158858694.jpg,1
3158858694.jpg,3
3158858694.jpg,4
3240368655.jpg,-1
3240290361.jpg,0
3240290361.jpg,1
3240290361.jpg,2
3240290361.jpg,3
3240290361.jpg,4
3240290361.jpg,5
3240453706.jpg,0
3240453706.jpg,1
3240453706.jpg,2
3240453706.jpg,3
3240453706.jpg,5
3240398648.jpg,-1
3239990334.jpg,-1
3240415385.jpg,0
3240415385.jpg,1
3240415385.jpg,2
3240415385.jpg,3
3240415385.jpg,4
3240415385.jpg,5
3240361675.jpg,-1
3203049596.jpg,-1
3240249408.jpg,-1
3239656676.jpg,-1
3240256313.jpg,-1
3240349072.jpg,-1
3240065215.jpg,-1
3240089585.jpg,-1
3240416830.jpg,0
3240416830.jpg,3
3240416830.jpg,4
3240416830.jpg,5
3239285713.jpg,1
3239285713.jpg,2
3239285713.jpg,4
3239932037.jpg,-1
3240427297.jpg,-1
3236660862.jpg,1
3236660862.jpg,2
3236660862.jpg,3
3236660862.jpg,4
3236660862.jpg,5
3240337829.jpg,0
3240337829.jpg,4
3231534252.jpg,0
3231534252.jpg,1
3231534252.jpg,2
3231534252.jpg,3
3231534252.jpg,5
3240152658.jpg,-1
3240422718.jpg,1
3240422718.jpg,2
3240422718.jpg,3
3240422718.jpg,4
3240438294.jpg,0
3240438294.jpg,1
3240438294.jpg,2
3229474905.jpg,-1
3240480253.jpg,1
3240480253.jpg,2
3240480253.jpg,3
3239126680.jpg,-1
3240475513.jpg,-1
3239262168.jpg,-1
3240380412.jpg,1
3240380412.jpg,4
3240377958.jpg,3
3240377958.jpg,5
3239937252.jpg,-1
3240287466.jpg,-1
3239983136.jpg,1
3239983136.jpg,2
3239983136.jpg,4
3202851552.jpg,4
3240205007.jpg,-1
3240435600.jpg,-1
3239817979.jpg,2
3239817979.jpg,5
3236832293.jpg,-1
3240437434.jpg,-1
3224331086.jpg,-1
3239278812.jpg,1
3239278812.jpg,3
3239278812.jpg,5
3240324808.jpg,-1
3240405133.jpg,1
3240405133.jpg,2
3240405133.jpg,3
3240405133.jpg,5
3239613364.jpg,0
3239613364.jpg,4
3132355996.jpg,-1
3240430354.jpg,-1
3240409318.jpg,0
3240409318.jpg,1
3240409318.jpg,4
3240409318.jpg,5
3240474945.jpg,0
3240474945.jpg,1
3240474945.jpg,2
3240474945.jpg,3
3240474945.jpg,4
3240474945.jpg,5
3239622013.jpg,0
3239622013.jpg,1
3239622013.jpg,2
3239622013.jpg,3
3239622013.jpg,4
3239622013.jpg,5
3240369443.jpg,1
3240369443.jpg,2
3240369443.jpg,3
3240347653.jpg,-1
3239889652.jpg,-1
3135604482.jpg,-1
3239890970.jpg,1
3239890970.jpg,4
3240468880.jpg,1
3240482219.jpg,1
3240482219.jpg,3
3240482219.jpg,4
3227890896.jpg,1
3227890896.jpg,2
3227890896.jpg,4
3239754885.jpg,1
3239754885.jpg,2
3239754885.jpg,3
3239754885.jpg,4
3239754885.jpg,5
3169995091.jpg,-1
3240471794.jpg,-1
3239966014.jpg,0
3239966014.jpg,1
3239966014.jpg,2
3239206085.jpg,1
3240347836.jpg,-1
3240467853.jpg,-1
3240468632.jpg,0
3240468632.jpg,1
3240468632.jpg,2
3240107023.jpg,0
3240107023.jpg,1
3240107023.jpg,2
3240107023.jpg,3
3240107023.jpg,4
3240107023.jpg,5
3240453408.jpg,-1
3240251243.jpg,-1
3240364750.jpg,-1
